phone,name
+48 91 727 77 73,Olive Kilback
+48 91 613 04 80,Rolando Rosenbaum
+48 91 305 54 07,Miss Douglas Weber
+48 91 471 15 16,Wilbur Schiller
+48 91 741 01 32,Jenna Collier
+48 91 448 83 90,Tommy Shanahan
+48 91 199 42 29,Della Mraz
+48 91 596 61 55,Casey O'Keefe
+48 91 385 26 56,Joan Gerhold
+48 91 321 63 07,Guy Jaskolski IV
+48 91 534 11 79,Elias Runolfsdottir
+48 91 171 42 74,Kristin Terry
+48 91 224 88 55,Matt Hammes
+48 91 219 46 81,Mr. Marcella Brakus
+48 91 220 10 94,Angela Rice
+48 91 362 14 28,Erick Yundt
+48 91 370 73 46,Carla Moore
+48 91 735 79 38,Victor Walsh
+48 91 115 46 53,Ms. Norma Bergnaum
+48 91 592 21 33,Rodolfo Ernser
+48 91 333 68 52,Alison Corkery III
+48 91 631 36 21,Claude Mueller
+48 91 308 15 69,Henrietta Graham
+48 91 689 39 28,Maxine Reilly I
+48 91 573 59 18,Mack Hyatt
+48 91 885 27 02,Miss Roland Johnson
+48 91 837 22 05,Patsy Leffler III
+48 91 547 29 20,Elias Willms
+48 91 600 39 80,Mathew Feeney I
+48 91 636 02 44,Jacob Schroeder
+48 91 596 44 90,Zachary Kohler
+48 91 274 38 98,Mrs. Alejandro Swaniawski
+48 91 786 24 61,Rudolph Murphy
+48 91 677 95 27,Connie Gibson I
+48 91 805 44 81,Martin Kirlin Sr.
+48 91 561 54 21,Howard Bauch
+48 91 007 28 64,Alma Hane
+48 91 470 51 24,Nick Bergnaum
+48 91 230 59 42,Brad Ruecker
+48 91 748 72 92,Jose Kreiger
+48 91 511 66 78,Blake Cassin
+48 91 659 79 82,Miss Devin Ferry
+48 91 115 75 65,Stella Homenick
+48 91 724 47 50,Ada Wolff
+48 91 933 91 40,Lloyd Volkman
+48 91 992 54 50,Heidi Schulist Sr.
+48 91 485 25 25,Gordon Upton
+48 91 407 11 18,Hattie Kunze
+48 91 590 16 02,Jake Stanton Jr.
+48 91 196 90 03,Penny Gorczany
+48 91 030 27 72,William Terry
+48 91 337 53 20,Mr. Scott Ullrich
+48 91 302 54 44,Shelley Zemlak
+48 91 931 74 31,Margie Mayer
+48 91 837 84 53,Mr. Shaun Rosenbaum
+48 91 553 02 85,Lorena Schiller DDS
+48 91 230 73 74,Javier Rutherford
+48 91 376 64 51,Myron Sawayn
+48 91 758 65 94,Kenny Volkman
+48 91 355 47 56,Guy Grant
+48 91 176 37 32,Jessie Brekke
+48 91 590 24 59,Ramon Murazik
+48 91 413 48 91,Jake Hodkiewicz
+48 91 441 57 70,Bridget Cole
+48 91 680 46 04,Mr. Gustavo Gulgowski
+48 91 618 82 13,Mrs. Melinda Gutmann
+48 91 340 66 00,Calvin Dickens Jr.
+48 91 282 80 30,Garry Upton
+48 91 753 10 25,Jared Waters
+48 91 739 30 03,Fannie Ryan PhD
+48 91 883 20 22,Robert Homenick
+48 91 626 10 02,Tracy Wolff
+48 91 723 35 32,Guillermo Ledner
+48 91 584 19 08,Myron Gutmann I
+48 91 986 19 61,Angela Rohan
+48 91 723 12 64,Eric Pagac
+48 91 912 72 82,Iris Von V
+48 91 697 21 36,Clara Graham
+48 91 174 00 55,Sammy Kirlin
+48 91 009 21 58,Erin O'Hara
+48 91 955 56 78,Andrew Abernathy Sr.
+48 91 498 17 36,Lynette Wunsch
+48 91 681 82 54,Johanna Roob PhD
+48 91 600 92 05,Leon Mills
+48 91 849 29 03,Mae Ruecker I
+48 91 042 70 60,Julius Schoen
+48 91 460 32 51,Clay Conroy
+48 91 919 41 55,Cindy Lind
+48 91 002 60 61,Cristina Feil
+48 91 527 00 64,Camille Johnston PhD
+48 91 071 37 24,Miss Rudolph Lowe
+48 91 219 52 04,Roosevelt MacGyver
+48 91 329 37 15,Mario Lakin
+48 91 579 77 62,Emily Lehner
+48 91 424 11 58,Mona Runolfsdottir
+48 91 387 54 08,Shannon Lynch
+48 91 942 73 60,Dominic Johnston
+48 91 135 76 87,Judith Johns
+48 91 963 69 35,Lula McLaughlin
+48 91 018 60 73,Robyn Keebler
+48 91 619 10 71,George Crooks V
+48 91 963 57 06,Joe Effertz
+48 91 891 53 33,Kathryn Thompson
+48 91 084 56 42,Marie Tillman
+48 91 707 08 55,Lorene Parker
+48 91 291 68 02,Leticia O'Hara
+48 91 133 68 28,Mr. Jeanne Schroeder
+48 91 326 09 45,Heidi Streich IV
+48 91 738 90 90,Dr. Mitchell Sanford
+48 91 440 02 61,Lucia Nikolaus
+48 91 209 54 63,Elsie Larson
+48 91 129 77 77,Sally Powlowski
+48 91 130 55 24,Dr. Tricia Klocko DVM
+48 91 664 03 26,Celia Glover I
+48 91 487 94 70,Lela Corwin
+48 91 658 87 83,Annette McGlynn
+48 91 636 47 85,Maureen Prohaska
+48 91 959 82 20,Eula Bins
+48 91 650 13 02,Charlie Denesik
+48 91 597 16 11,Marilyn Cole
+48 91 213 52 12,Mr. Veronica Witting
+48 91 855 87 04,Candace Schmeler
+48 91 271 11 77,Mandy Beatty PhD
+48 91 118 65 66,Darryl Lockman
+48 91 521 35 63,Cristina Lemke I
+48 91 054 47 70,Christie Deckow DDS
+48 91 647 55 13,Gregory Monahan DVM
+48 91 205 94 87,Mrs. Freddie Rodriguez
+48 91 080 75 53,Traci Koss
+48 91 522 80 16,Lucia Bergstrom
+48 91 491 17 98,Mary Corwin
+48 91 521 67 52,Willie Yost
+48 91 652 43 29,Eddie Willms
+48 91 081 80 97,Mrs. Alice Lebsack
+48 91 853 36 34,Yvonne Zulauf IV
+48 91 841 45 02,Lindsey Jakubowski
+48 91 198 12 88,Elsie Weimann
+48 91 631 04 32,Pedro Smith
+48 91 575 35 96,Dr. Ramona Bruen
+48 91 192 40 77,Byron Paucek
+48 91 198 75 69,Rufus Bergstrom
+48 91 020 67 06,Ms. Sonya Davis
+48 91 437 63 64,Sophia Hoeger MD
+48 91 288 85 96,Mr. Wayne Parisian
+48 91 839 37 53,Paulette Ferry
+48 91 555 81 95,Timothy Emmerich
+48 91 289 71 04,Della Reichert
+48 91 839 09 98,Kyle Schroeder Sr.
+48 91 401 30 08,Miss Jessie Gottlieb
+48 91 119 65 42,Alice Herman
+48 91 210 52 29,Allan Padberg
+48 91 525 00 84,Tom Kuhlman
+48 91 468 78 39,Ms. Tara Bruen
+48 91 067 77 81,Anna Koss
+48 91 943 29 69,Johnnie Wiza
+48 91 205 13 91,Daniel Wiza IV
+48 91 036 33 94,Lionel Quitzon I
+48 91 590 76 65,Charles Ruecker Sr.
+48 91 947 55 14,Shawn Heidenreich
+48 91 218 04 13,Brendan Tromp
+48 91 215 08 48,Lonnie Dicki
+48 91 080 35 88,Lisa Wintheiser
+48 91 649 01 66,Luther Klocko
+48 91 285 38 44,Miss Sergio Hoppe
+48 91 051 27 81,Clara Crona
+48 91 140 23 43,Pam Farrell
+48 91 094 80 12,Robin Erdman
+48 91 031 89 40,Oliver Feil
+48 91 699 05 84,Angela DuBuque
+48 91 524 72 70,Jean Haag
+48 91 278 32 79,Debra Senger
+48 91 495 98 60,Warren Hirthe
+48 91 085 55 60,Holly Altenwerth
+48 91 978 04 39,Kelvin Swift
+48 91 722 75 80,Alex Mills
+48 91 637 49 74,Amber Torphy
+48 91 358 47 25,Shelly Deckow
+48 91 552 52 21,Molly Pagac
+48 91 294 67 39,Jose Feest
+48 91 396 39 81,Devin Hansen
+48 91 328 00 69,Lorene Kilback
+48 91 408 41 35,Thelma Kunde
+48 91 404 62 10,Rene Wiza
+48 91 335 22 68,Nathaniel Mann
+48 91 784 91 16,Christina Bartell MD
+48 91 913 86 41,Vincent Mante
+48 91 909 31 38,Clifton Waelchi DDS
+48 91 679 54 33,Ms. George Shanahan
+48 91 413 33 10,Roberto Halvorson
+48 91 875 62 01,Jenna Padberg II
+48 91 018 61 47,Dan Bergnaum
+48 91 010 98 48,Mr. Tomas Friesen
+48 91 222 64 00,Dr. Brian Roberts
+48 91 292 96 45,Roy Smitham PhD
+48 91 920 18 28,Angelina Wuckert
+48 91 601 50 18,Celia Altenwerth
+48 91 701 55 51,Mr. Kelli Stroman
+48 91 022 85 64,Nettie Yundt
+48 91 347 93 00,Vivian Lynch
+48 91 055 24 94,Stephen Witting
+48 91 884 21 90,Laurence Runte PhD
+48 91 819 37 23,Sidney Leannon
+48 91 261 95 39,Erma Hyatt
+48 91 387 73 89,Rhonda Kuvalis
+48 91 314 98 71,Benny Collins
+48 91 446 61 67,Sam Lang
+48 91 014 22 38,Omar Brekke
+48 91 355 57 02,Christie D'Amore
+48 91 627 43 28,Cary Dietrich
+48 91 033 15 52,Kimberly Boehm
+48 91 231 51 42,Cindy Kunde
+48 91 502 94 14,Leah Dibbert
+48 91 006 25 01,Brandon Breitenberg
+48 91 604 15 65,Jennie Hills
+48 91 847 16 81,Irvin Schuppe
+48 91 092 91 90,Phyllis Lindgren
+48 91 390 82 90,Faye Hintz
+48 91 589 75 92,Miss Geoffrey Sipes V
+48 91 440 16 51,Miss Cameron Stehr PhD
+48 91 362 91 84,Anna Tremblay
+48 91 832 80 00,Alton Reichert
+48 91 116 25 76,Wilbert Rutherford
+48 91 972 13 55,Mr. Sara Johnston
+48 91 095 03 09,Lorenzo D'Amore Jr.
+48 91 659 48 26,Frances Hahn
+48 91 293 14 41,Kathryn Beahan
+48 91 377 41 63,Leland Schuppe
+48 91 974 34 38,Valerie Luettgen
+48 91 435 55 30,Jill Kemmer V
+48 91 330 83 41,Carlos Kihn
+48 91 650 32 75,Raul Denesik
+48 91 986 31 55,Rosalie Homenick
+48 91 678 79 42,Christina Koss
+48 91 085 13 40,Inez Moen
+48 91 411 37 41,Jacob Toy
+48 91 070 90 85,Karen Hoppe
+48 91 452 07 49,Rolando Lakin
+48 91 136 76 68,Ramon Roberts
+48 91 806 80 27,Dr. Santiago Gerhold
+48 91 011 17 05,Jerry Kerluke
+48 91 807 70 09,Mrs. Jerome Bailey
+48 91 461 38 80,Ira Towne
+48 91 429 24 09,Patti Gaylord V
+48 91 802 01 05,Bob Spencer
+48 91 912 28 82,Eunice Ernser
+48 91 544 35 89,Eduardo Keeling Jr.
+48 91 283 51 16,Terrance Johnston I
+48 91 419 15 56,Mercedes Bogan
+48 91 913 25 03,Danny Cummerata
+48 91 286 63 21,Marcos Roob
+48 91 754 79 91,Edward Schaden
+48 91 216 74 47,Tommie Champlin
+48 91 476 51 38,Ronald Pfannerstill
+48 91 975 26 88,Walter Leannon
+48 91 029 84 65,Emily Marquardt
+48 91 598 02 75,Mrs. Willis Rolfson
+48 91 782 87 26,Dallas Pouros
+48 91 894 01 29,Douglas Collins
+48 91 168 80 81,Ms. Joann Murray
+48 91 427 32 55,Miss Anita Farrell
+48 91 212 88 51,Clinton Lynch
+48 91 915 60 60,Gregg Cole
+48 91 558 65 21,Dr. Sabrina Wiza
+48 91 799 87 35,Opal Renner
+48 91 483 61 57,Terri Cummerata
+48 91 563 75 35,Naomi Kshlerin
+48 91 282 77 49,Benjamin Kautzer
+48 91 098 17 68,Faye Cronin
+48 91 171 10 55,Rita Wunsch
+48 91 367 76 09,Rita DuBuque
+48 91 168 05 56,Mr. Emily Lebsack
+48 91 345 36 52,Mae Purdy
+48 91 700 69 04,Lana Fritsch
+48 91 737 91 34,Gary Pagac
+48 91 133 08 48,Cecelia Cronin
+48 91 242 24 41,Mrs. Lela Gusikowski
+48 91 795 40 57,Marc Weissnat
+48 91 354 42 66,Veronica Kshlerin
+48 91 230 82 68,Sherry D'Amore DDS
+48 91 834 70 38,Vicky Strosin
+48 91 458 25 06,Shelly Hegmann
+48 91 113 39 23,Darrin Sporer IV
+48 91 728 02 93,Leroy Tillman
+48 91 503 32 03,Carrie Bernhard
+48 91 852 84 02,Clint Hessel
+48 91 605 37 63,Chester Borer DVM
+48 91 138 35 96,Patty O'Conner
+48 91 817 07 70,Debbie Runolfsdottir
+48 91 890 15 45,Duane Gusikowski
+48 91 433 59 28,Brandi Boyer IV
+48 91 604 44 30,Daryl Hermann
+48 91 860 26 50,Mrs. Laura Muller
+48 91 095 46 93,Jeannie Frami
+48 91 078 97 96,Mrs. Ebony Becker
+48 91 675 08 64,Willie Donnelly Jr.
+48 91 845 51 27,Lucas Powlowski
+48 91 813 03 74,Allen Russel
+48 91 694 08 10,Brad Batz Jr.
+48 91 016 36 86,Alberta Huel Jr.
+48 91 571 14 16,Shelly Larkin
+48 91 801 97 75,Oliver Larkin
+48 91 874 27 42,Marcia Skiles
+48 91 522 02 42,Mrs. Daisy Johnston
+48 91 400 72 67,Caleb Altenwerth DVM
+48 91 780 36 44,Dr. Pearl Pollich
+48 91 391 29 00,Yvonne Fisher
+48 91 280 89 46,Steve Johnston
+48 91 139 56 40,Boyd Hilll DVM
+48 91 473 45 36,Maureen Nader Sr.
+48 91 895 21 65,Robyn Towne
+48 91 353 04 27,Clay Bayer
+48 91 289 36 96,Dewey Wehner
+48 91 845 00 73,Marc Grant DDS
+48 91 706 50 02,Greg Pfeffer
+48 91 976 07 49,Adrian Collins
+48 91 091 31 93,Yolanda Hauck
+48 91 372 14 62,Nathan Corkery
+48 91 302 82 92,Floyd Jacobson
+48 91 757 10 27,Bradford Toy
+48 91 932 51 12,Santiago Wintheiser
+48 91 461 18 62,Marilyn Yost
+48 91 026 22 64,Guillermo Johnson
+48 91 660 56 72,Joshua Koss
+48 91 033 18 72,Freda Schaden
+48 91 184 65 45,Megan Lang
+48 91 961 01 99,Vera Terry
+48 91 375 21 53,Mrs. Ruben Treutel
+48 91 586 48 69,Jeannette McLaughlin
+48 91 356 05 29,Tammy Schowalter
+48 91 700 94 92,Dustin Bechtelar
+48 91 137 84 10,Randall Fay
+48 91 802 66 16,Abraham Predovic Sr.
+48 91 086 62 97,Elizabeth Nader
+48 91 027 86 81,Monica Breitenberg
+48 91 570 12 67,Nicole Pacocha
+48 91 954 27 81,Fredrick Kiehn MD
+48 91 199 96 25,Darren Mohr
+48 91 952 77 45,Al Morar
+48 91 523 50 89,Inez Altenwerth
+48 91 241 09 59,Santos Weimann
+48 91 033 95 70,Martin Jacobi
+48 91 939 61 04,Diana Davis
+48 91 010 03 31,Patty Hirthe
+48 91 827 85 69,Agnes Nicolas
+48 91 034 89 78,Kellie Hodkiewicz
+48 91 878 47 91,Salvador Sawayn Jr.
+48 91 514 07 46,Doyle Hartmann
+48 91 834 89 51,Lila Grimes Jr.
+48 91 151 18 61,Mona Blanda
+48 91 039 37 86,Tomas Parisian
+48 91 867 65 18,Pablo Shanahan
+48 91 650 01 70,Cedric Larkin
+48 91 218 81 63,Mark Kunde
+48 91 559 59 88,Joel Wiza
+48 91 198 94 92,Noah Reichert IV
+48 91 791 80 12,Jean Littel
+48 91 540 07 98,Andy Ankunding
+48 91 809 63 97,Trevor Beahan
+48 91 316 49 41,Miss Casey Bernier
+48 91 504 11 09,Jerome Grady
+48 91 041 01 65,Dr. Lester Satterfield
+48 91 202 51 24,Edmund Kassulke
+48 91 591 23 11,Gerard Bauch
+48 91 960 89 12,Miss Greg Rutherford
+48 91 751 97 39,Mamie Beer
+48 91 925 35 76,Ms. Eileen Bechtelar
+48 91 950 64 91,Erik Senger
+48 91 662 47 30,Ms. Gladys Howe
+48 91 941 49 12,Salvatore Bauch
+48 91 402 46 97,Corey Ledner MD
+48 91 229 08 76,Enrique Huels
+48 91 832 56 15,Sean Dickinson
+48 91 296 44 49,Sharon Yost
+48 91 982 97 01,Terri Tremblay
+48 91 134 14 05,Laurie Wolff
+48 91 576 35 08,Allan Breitenberg V
+48 91 307 17 15,Charles Koelpin
+48 91 960 55 58,Darla Toy
+48 91 749 49 41,Adrienne Lowe III
+48 91 582 66 58,Cedric Dicki
+48 91 210 62 71,Lonnie Bode
+48 91 705 18 55,Ella Purdy
+48 91 485 61 29,Paula Kerluke
+48 91 862 79 98,Angie Hegmann
+48 91 521 27 95,Jose Kuhn
+48 91 744 04 70,Joy Stark
+48 91 132 37 59,Geneva Okuneva
+48 91 531 40 01,Vincent Morar
+48 91 763 53 14,Tony Stehr
+48 91 372 67 35,Leo O'Kon
+48 91 711 42 98,Mr. Tammy Raynor
+48 91 073 25 98,Warren Predovic
+48 91 853 61 91,Clifton Johnston I
+48 91 904 23 58,Marion Marquardt
+48 91 465 32 33,Guy Murray
+48 91 660 38 08,Boyd Nitzsche
+48 91 544 96 34,Lindsay Lemke
+48 91 748 12 02,Natalie Grimes
+48 91 411 90 35,Angel Purdy
+48 91 334 74 55,Santiago O'Conner
+48 91 034 44 50,Marion Monahan
+48 91 129 44 12,Silvia Price
+48 91 206 34 42,Sophie Murphy
+48 91 062 43 54,Austin Lang
+48 91 339 78 56,Angelica White
+48 91 087 16 31,Kendra Quigley
+48 91 777 22 79,Wilbur Zemlak
+48 91 006 05 87,Roberta Larkin
+48 91 067 08 00,Dana Schinner
+48 91 131 17 50,Raymond Konopelski
+48 91 756 99 12,Sandra Larkin
+48 91 353 84 82,Monica Kshlerin
+48 91 973 03 73,Bernice Hickle
+48 91 206 78 22,Eleanor Marks
+48 91 249 25 86,Pamela Osinski
+48 91 613 12 03,Vickie Kozey
+48 91 359 28 83,Victoria Koepp DDS
+48 91 984 38 55,Mrs. Brenda Labadie
+48 91 899 76 11,Darlene Dicki DDS
+48 91 550 28 69,Robert Bauch
+48 91 965 79 30,Steven Rau
+48 91 723 39 23,Kristine Haley
+48 91 825 74 53,Miss Emma Howell
+48 91 968 34 27,Mr. Bobby Batz
+48 91 972 12 15,Dr. Percy Schulist
+48 91 114 98 15,Dr. Carl Treutel
+48 91 335 06 62,Annette Shanahan
+48 91 417 67 30,Ivan Carroll
+48 91 202 04 18,Miss Freda Beatty
+48 91 172 30 21,Delia Legros
+48 91 111 71 79,Jo Romaguera
+48 91 962 92 96,Janie Waelchi
+48 91 189 88 20,Ms. Holly Schmidt
+48 91 548 10 19,Lowell Lynch PhD
+48 91 688 68 63,Dan Herzog
+48 91 033 80 28,Robin Gusikowski
+48 91 185 04 65,Julio Crooks
+48 91 902 63 18,Rebecca Green
+48 91 208 27 58,Dr. Angelina Torp
+48 91 865 91 84,Ms. Woodrow Homenick
+48 91 510 72 49,Ira Stamm
+48 91 857 45 15,Al Collins
+48 91 040 91 66,Karen Rowe
+48 91 982 67 72,Genevieve Leffler
+48 91 435 40 91,Dr. Peggy Dickinson
+48 91 010 17 80,Benjamin Towne
+48 91 087 68 16,Dr. Wallace Gaylord
+48 91 978 93 75,Alexandra Little
+48 91 481 30 09,Darlene Fahey
+48 91 038 52 11,Jack Jenkins
+48 91 972 11 87,Doug Witting
+48 91 127 00 74,Amelia Hintz
+48 91 876 67 95,Ana Cummerata Jr.
+48 91 651 20 97,Brandy Wilkinson
+48 91 629 92 77,Jonathon Casper DDS
+48 91 839 46 37,Emma Beier
+48 91 373 53 38,Stella Bradtke
+48 91 612 09 85,Mrs. Horace Hoeger
+48 91 982 10 22,Ernestine Cummings MD
+48 91 177 95 09,Edmond Stark
+48 91 477 52 31,Angel Weimann
+48 91 560 14 82,Dr. Isaac Hammes
+48 91 093 64 14,Miss Lynette Reichert
+48 91 429 93 92,Henrietta Strosin
+48 91 030 83 82,Bryan Armstrong
+48 91 686 59 44,Lillie Collier
+48 91 327 89 75,Alfred Renner
+48 91 311 41 60,Winston Kirlin
+48 91 695 09 73,Dr. Danielle Spencer
+48 91 438 86 31,Rachael Rempel
+48 91 752 46 71,Fredrick Weber
+48 91 975 54 10,Brandi Goldner
+48 91 086 08 30,Omar Conroy
+48 91 219 25 68,Marguerite Gusikowski
+48 91 023 39 77,Beverly Klein
+48 91 159 70 40,Tonya Douglas
+48 91 711 80 79,Guadalupe Wuckert
+48 91 018 50 16,Travis Nienow
+48 91 053 02 58,Kenny Pollich
+48 91 948 47 32,Luz Stiedemann
+48 91 609 70 33,Shelly Heidenreich
+48 91 430 45 22,Loren Barrows
+48 91 475 32 36,Kathleen Padberg
+48 91 726 05 54,Jessie Trantow
+48 91 028 93 66,Miss Billy Goyette
+48 91 713 67 89,Cedric Dickinson
+48 91 581 07 41,Irving Halvorson
+48 91 299 64 09,Eleanor Mante
+48 91 445 34 65,Mr. Miranda Ankunding
+48 91 172 60 34,Lynn Larson
+48 91 509 49 60,Laverne Abshire
+48 91 863 26 14,Gregg O'Hara
+48 91 973 11 47,Marlon Boyer
+48 91 397 80 18,Stephanie Bode
+48 91 251 08 69,Jared Kerluke
+48 91 733 40 96,Rita Blick
+48 91 818 55 53,Miriam Gulgowski DVM
+48 91 958 98 74,Salvador Ferry
+48 91 776 63 38,Miss Jeannie Rippin
+48 91 171 11 44,Rosie Gerlach III
+48 91 935 98 73,Sharon McLaughlin
+48 91 536 41 84,Sean Considine
+48 91 335 97 02,Anita Walker
+48 91 642 60 43,Eric Morar
+48 91 509 26 83,Silvia Reynolds
+48 91 417 96 27,Byron Gerhold V
+48 91 368 68 85,Brad Quitzon
+48 91 155 31 93,Katherine Runte
+48 91 465 90 49,Annette Wolff PhD
+48 91 947 87 53,Pat Russel
+48 91 724 08 00,Tommie Wiegand
+48 91 709 48 89,Josephine Weimann
+48 91 472 08 51,Jesse Schaefer
+48 91 570 77 14,Douglas Walker
+48 91 280 23 14,Ms. Edmond Blanda
+48 91 562 44 39,Forrest Lueilwitz
+48 91 620 09 19,Eileen Kuhic
+48 91 394 16 96,Dr. Peter Hoeger
+48 91 371 34 31,Wendy Legros
+48 91 072 90 66,Preston Bednar
+48 91 846 51 04,Micheal Shields
+48 91 055 78 65,Maurice Stiedemann
+48 91 156 91 75,Paulette Marks
+48 91 371 96 34,Carol Nitzsche
+48 91 798 88 20,Wilfred McDermott
+48 91 004 39 64,Kristi Fisher
+48 91 455 59 33,Amanda Torphy
+48 91 568 38 41,Clint Stamm
+48 91 458 87 65,Bert Armstrong
+48 91 356 45 26,Ms. Christy Hermann
+48 91 732 93 39,Jason Welch
+48 91 263 94 67,Annie Stark
+48 91 558 70 90,Tricia Hills IV
+48 91 894 76 35,Ervin O'Reilly
+48 91 293 34 41,Rosalie Walsh
+48 91 895 34 69,Leticia Durgan
+48 91 937 31 89,Ellen Pfannerstill
+48 91 747 89 09,Rhonda Hills
+48 91 251 05 60,Miss Anna Gottlieb
+48 91 718 83 82,Bob Larson
+48 91 306 62 31,Eleanor Vandervort
+48 91 760 73 28,Holly Gleason
+48 91 462 98 44,Faith Tremblay
+48 91 484 36 85,Amber Strosin
+48 91 580 52 60,Lawrence Stark
+48 91 565 79 47,Armando Jaskolski
+48 91 113 86 05,Darren Mills
+48 91 140 88 66,Alan Nicolas Sr.
+48 91 563 31 72,Rita Jenkins
+48 91 580 38 09,Miss Ada Marks
+48 91 356 51 73,Jeffrey Kunde
+48 91 761 84 16,Genevieve Stehr
+48 91 394 40 36,Shelia Abernathy
+48 91 866 25 58,Christopher Beahan
+48 91 825 93 18,Krista Kerluke
+48 91 538 63 74,Brenda Anderson
+48 91 615 78 70,Miss Shelley Bartoletti
+48 91 972 53 39,Rosie Mills IV
+48 91 796 69 93,Naomi Boehm I
+48 91 094 30 65,Orville Pouros
+48 91 983 05 74,Phyllis Hettinger
+48 91 758 04 47,Micheal Hauck IV
+48 91 579 07 80,Darrin Weimann
+48 91 882 58 74,Colin Larson
+48 91 988 92 39,Douglas Baumbach
+48 91 705 24 13,Lola Berge V
+48 91 037 07 49,Mr. Sharon McKenzie
+48 91 418 46 05,Kristy Jaskolski
+48 91 799 94 63,Gregg McGlynn MD
+48 91 786 40 50,Minnie Johnston
+48 91 879 06 57,Theresa Spinka
+48 91 497 34 55,Elsa Larkin
+48 91 281 16 15,Morris Simonis Sr.
+48 91 771 91 05,Levi Mohr
+48 91 726 33 87,Harriet Leuschke
+48 91 069 80 94,Miguel Smith
+48 91 694 16 63,Salvador Rath
+48 91 729 33 15,Gwendolyn Wehner
+48 91 706 02 36,Delia Weimann V
+48 91 307 88 53,Donald Will
+48 91 603 41 58,Christian Thompson
+48 91 432 69 48,Ted Stanton
+48 91 329 09 19,Kelvin Prosacco I
+48 91 505 92 49,Jermaine McDermott
+48 91 114 54 75,Jay Vandervort
+48 91 727 18 36,Joshua Effertz
+48 91 604 72 41,Ian Skiles
+48 91 017 02 81,Julian Douglas
+48 91 693 74 90,Marta Davis
+48 91 670 73 88,Robyn Aufderhar
+48 91 837 93 47,Vincent Murazik
+48 91 910 95 80,Moses Parker
+48 91 750 81 80,Mr. David Beer
+48 91 050 33 02,Miss Doug Yost
+48 91 996 83 48,Merle Schroeder
+48 91 202 89 57,Lorraine Gleason
+48 91 308 59 41,Stacy Weber MD
+48 91 394 74 14,Marta Romaguera
+48 91 432 03 38,Ms. Terrance Cormier
+48 91 565 60 41,Ronnie Wilderman
+48 91 835 87 37,Elijah Kassulke
+48 91 481 98 86,Miss Pam Kris
+48 91 394 08 74,Lillie Ullrich
+48 91 363 92 27,Desiree Corwin
+48 91 278 17 03,Aubrey Kreiger
+48 91 710 89 49,Trevor Mann
+48 91 669 54 67,Alfonso Turcotte
+48 91 756 56 24,Brett O'Hara
+48 91 219 05 74,Ira Denesik
+48 91 845 62 93,Janet Nitzsche
+48 91 880 53 29,Lee Kuhlman
+48 91 446 87 53,Vincent Pfannerstill
+48 91 387 23 35,Wanda Watsica
+48 91 833 65 56,Shannon Hagenes
+48 91 944 96 74,Armando Harris
+48 91 251 50 11,Marshall Gorczany DDS
+48 91 723 47 35,May Fisher
+48 91 413 44 79,Georgia Homenick
+48 91 181 92 54,Vincent Marquardt
+48 91 072 31 45,Dr. Emmett Adams
+48 91 705 89 95,Sergio Franey
+48 91 913 27 40,Bobby Gibson
+48 91 322 85 46,Eula Little
+48 91 516 47 63,Ms. Colleen Schulist
+48 91 149 17 50,Leon Quigley
+48 91 139 88 62,Dr. Christie Swaniawski
+48 91 037 52 48,Miss Lorraine Stiedemann
+48 91 626 73 03,Martha Hickle I
+48 91 381 91 57,Mrs. Tracy Bode
+48 91 720 08 54,Julius Littel
+48 91 562 42 58,Dominick DuBuque
+48 91 047 71 97,Lynne Kihn
+48 91 093 03 85,Roger Stiedemann
+48 91 269 20 34,Mr. Austin Effertz
+48 91 288 40 19,Marcus Leuschke
+48 91 905 51 73,Eva Daniel
+48 91 150 58 13,Joyce Howe
+48 91 618 05 52,Salvatore Gerhold
+48 91 516 18 56,Blanca Ruecker
+48 91 533 20 83,Martha Macejkovic
+48 91 544 81 39,Joy Baumbach
+48 91 906 74 99,Ms. Rufus Smitham
+48 91 907 16 63,David Reynolds PhD
+48 91 390 13 56,Mr. Byron Rice
+48 91 031 13 55,Erica Green
+48 91 563 81 93,Ken Stehr
+48 91 227 68 28,Mrs. April Dooley
+48 91 362 57 07,Elbert Effertz
+48 91 698 04 31,Lisa Witting
+48 91 717 81 58,Ira Koelpin
+48 91 225 98 97,Timmy Pouros
+48 91 895 16 62,Lorene Bauch
+48 91 938 34 01,Wendell Larson
+48 91 599 92 43,Anna Halvorson
+48 91 229 53 09,Gregg Jenkins
+48 91 246 49 74,Guy Gaylord
+48 91 954 35 46,Ryan Kertzmann
+48 91 223 43 94,Barry Dooley
+48 91 109 55 56,Whitney Jaskolski
+48 91 804 94 69,Taylor Sanford
+48 91 430 96 87,Ernest Okuneva
+48 91 663 07 14,Latoya Swaniawski
+48 91 004 77 34,Jamie Haag
+48 91 309 07 33,Yvette Ortiz
+48 91 840 90 59,Julian Gusikowski
+48 91 761 63 84,Johnnie Green
+48 91 114 47 47,Victoria Bashirian
+48 91 399 44 47,Kirk Koch
+48 91 502 62 35,Carrie Koch
+48 91 688 25 30,Irene Yundt
+48 91 504 58 28,Angel Langosh
+48 91 807 32 02,Marcus Schumm
+48 91 011 26 24,Gustavo Kovacek
+48 91 179 91 02,Gerald Grimes I
+48 91 557 63 10,Miss Douglas Dare
+48 91 577 20 70,Gilberto Wunsch
+48 91 654 54 62,Marguerite Koelpin
+48 91 493 86 02,Roderick Haley
+48 91 322 51 19,Judy Lynch
+48 91 229 82 91,Abel Howell
+48 91 737 03 70,Margaret O'Conner
+48 91 898 41 66,Ruben Casper
+48 91 480 39 20,Blake McCullough
+48 91 482 59 90,Sarah Streich
+48 91 544 74 38,Clint Lemke
+48 91 831 88 66,Terrence Haag
+48 91 673 81 48,Stacy Barton
+48 91 493 21 21,Micheal Hermiston
+48 91 412 37 68,Emmett Schaden
+48 91 043 42 43,Fernando Rolfson
+48 91 871 27 80,Heather Hudson
+48 91 937 24 63,Roland Skiles
+48 91 903 05 93,Rafael Zboncak
+48 91 396 26 58,Rachael Kirlin PhD
+48 91 901 11 00,Neil Kunze
+48 91 787 78 17,Marvin Leuschke
+48 91 319 71 39,Peggy Kemmer
+48 91 797 76 86,Bruce Nitzsche I
+48 91 856 75 59,Mrs. Vickie Hirthe II
+48 91 450 80 72,Angel Bernhard
+48 91 543 45 01,Lila Zboncak
+48 91 438 91 52,Ian Rice
+48 91 956 47 68,Taylor Runolfsdottir
+48 91 127 29 55,Jorge Kuhic
+48 91 541 62 24,Ada McDermott
+48 91 543 83 03,Kate Corkery MD
+48 91 824 65 71,Harriet Weissnat
+48 91 856 40 68,Deanna Pouros
+48 91 781 81 30,Michael Towne
+48 91 539 81 28,Ms. Sheri Botsford
+48 91 751 14 71,Elias Boehm
+48 91 775 64 47,Miss Rodolfo Rath
+48 91 940 43 43,Ms. Abraham Waters
+48 91 211 12 19,Terrence Wunsch
+48 91 570 59 46,Derek Beer
+48 91 070 25 43,Mrs. Ramiro Predovic
+48 91 805 01 15,Theresa Mohr
+48 91 559 02 80,Jose Little I
+48 91 825 57 84,Bryant Greenfelder
+48 91 604 94 95,Ashley Keeling DVM
+48 91 236 02 28,Randolph Smitham Sr.
+48 91 129 11 43,Mrs. Sara Ferry
+48 91 704 74 54,Iris Kihn
+48 91 362 03 57,Miss Peter Kautzer PhD
+48 91 004 20 35,Roxanne Kuhlman
+48 91 413 34 62,Kristie Kuvalis
+48 91 118 25 84,Ira Lang
+48 91 711 22 01,Nancy Reinger
+48 91 216 68 69,Leigh Rutherford
+48 91 961 81 55,Derrick Stracke
+48 91 423 85 40,Ms. Traci Jast
+48 91 069 76 86,Ramona Smitham
+48 91 921 11 72,Edmund Kuphal
+48 91 412 71 65,Terri Boyer
+48 91 545 71 77,Dave Green
+48 91 190 91 68,Lyle Toy
+48 91 323 34 57,Miss Antonio Bosco PhD
+48 91 734 54 29,Dr. Della Kuhic
+48 91 663 40 99,Miss Genevieve Stamm
+48 91 777 63 63,Chad Howell
+48 91 438 27 03,Marsha Schamberger
+48 91 270 25 28,Dominick Borer
+48 91 480 17 03,Leslie Cummerata
+48 91 852 47 52,Mr. Cedric Schaefer
+48 91 330 67 25,Colleen Prosacco
+48 91 998 63 75,Dr. Nicolas Feil IV
+48 91 956 30 75,Sean Wintheiser V
+48 91 773 70 40,Mr. Horace Brekke III
+48 91 672 64 02,Dwight Kuhic
+48 91 763 96 09,Carrie Nienow
+48 91 016 48 09,Donna Nolan
+48 91 300 19 86,Cynthia Kutch
+48 91 181 81 80,Gerald Mitchell
+48 91 748 98 43,Shirley Leannon
+48 91 116 57 89,Nadine Morissette
+48 91 412 35 52,Clarence Haag
+48 91 072 04 03,Minnie Mante
+48 91 478 86 93,Raymond Lowe
+48 91 912 33 99,Julio Ortiz
+48 91 780 01 60,Miss Samantha King DDS
+48 91 652 80 87,Isabel Harber
+48 91 078 85 88,Jacquelyn Beatty
+48 91 966 02 95,Sophia Koepp
+48 91 078 97 32,Kim Marks
+48 91 782 78 96,Priscilla Denesik MD
+48 91 013 66 51,Dr. Mike Goldner
+48 91 606 52 47,Norman Huels
+48 91 711 29 09,Mrs. Viola Hansen
+48 91 130 53 12,Jason Legros
+48 91 238 38 71,Johnnie Osinski
+48 91 060 39 06,Harold Considine
+48 91 139 23 00,Miss Todd Yundt
+48 91 832 99 33,Derrick Schmeler
+48 91 182 33 63,Mrs. Dominic Trantow
+48 91 413 00 51,Santiago Schamberger
+48 91 937 23 21,Marta Ferry
+48 91 804 92 20,Dustin Christiansen
+48 91 499 15 36,Dianna Rodriguez
+48 91 941 03 03,Angie Wehner
+48 91 373 93 67,Malcolm Hayes
+48 91 475 26 94,Willie Lemke
+48 91 292 44 00,Mr. Dolores Bednar
+48 91 699 43 75,Marion Wunsch
+48 91 845 64 14,Mabel Rice
+48 91 283 31 58,Nelson Lind
+48 91 294 44 19,Kristine Renner
+48 91 930 45 65,Colin Yundt
+48 91 785 71 25,Beatrice Krajcik
+48 91 052 85 30,Boyd Cormier
+48 91 083 39 62,Dr. Charlie Wolf
+48 91 095 05 67,Gregg Schmitt
+48 91 487 64 42,Maryann Mayer
+48 91 807 95 99,Margie Johns
+48 91 526 72 79,Oliver Conn
+48 91 252 32 52,Lucas Kirlin
+48 91 984 26 49,Sheila Effertz
+48 91 748 25 46,Marta Rolfson
+48 91 793 16 01,Harry Walsh IV
+48 91 674 79 06,Eloise Bernhard
+48 91 851 77 55,Lula Graham DVM
+48 91 897 15 71,Jorge Hammes
+48 91 439 10 18,Shane Cruickshank
+48 91 366 04 82,Leona Bayer
+48 91 162 39 89,Mr. Kristin Kunze
+48 91 454 82 91,Lynda Zemlak
+48 91 085 53 01,Sean Stracke
+48 91 996 54 08,Adam Miller
+48 91 803 90 00,Joseph Marvin
+48 91 592 46 37,Eva Sipes DDS
+48 91 534 20 76,Jeffery Luettgen Sr.
+48 91 378 28 41,Harriet Schulist
+48 91 993 61 03,Dr. Sheryl Paucek
+48 91 352 53 40,Edmond West
+48 91 479 02 79,Paula Cummings
+48 91 742 18 38,Gary Konopelski
+48 91 284 61 31,Dr. Lucille Bailey
+48 91 472 56 11,Jerome Bayer
+48 91 219 66 87,Derrick Bashirian
+48 91 696 49 14,Terrell Walker MD
+48 91 450 79 25,Roger Quigley
+48 91 797 28 41,Miss Chad Prohaska
+48 91 794 61 08,Rosie Green
+48 91 863 48 85,Anita Keebler II
+48 91 156 30 84,Vicki Rau Sr.
+48 91 330 56 05,Courtney Marquardt
+48 91 947 56 48,Ismael Bergnaum
+48 91 051 18 81,Allen Mills IV
+48 91 440 31 63,Debbie Rau
+48 91 912 59 38,Ann Grant
+48 91 704 61 79,Dawn Pollich
+48 91 965 60 70,Dean Gibson
+48 91 894 30 79,Mrs. Mary Mitchell
+48 91 730 26 58,Roberto Huel
+48 91 283 33 11,Clifford Rice
+48 91 081 77 41,Reginald Stiedemann
+48 91 382 27 55,Omar Klocko
+48 91 535 51 64,Shelley Rippin
+48 91 181 06 85,Nicolas Schaefer
+48 91 372 57 40,Moses Rohan
+48 91 023 46 79,Deborah Schowalter
+48 91 129 42 49,Dr. Brittany Lubowitz
+48 91 419 69 51,Tami Wehner MD
+48 91 965 91 45,Norman Schimmel
+48 91 316 61 74,Christian Borer PhD
+48 91 106 57 11,Matthew Parker I
+48 91 597 64 27,Ms. James Lemke III
+48 91 126 03 87,Craig Kerluke
+48 91 983 65 88,Lula McLaughlin
+48 91 593 37 54,Shawna McDermott
+48 91 298 62 93,Fernando Hammes
+48 91 838 00 14,Percy Roberts
+48 91 875 81 26,Otis Bartoletti
+48 91 860 99 82,Karla Kling
+48 91 742 43 16,George Schowalter
+48 91 533 18 69,Everett Beer
+48 91 063 55 88,Dr. Eugene Kutch
+48 91 735 00 51,Ms. Sherri Hoeger
+48 91 967 92 08,Cedric Kreiger II
+48 91 379 00 59,Jon Olson
+48 91 995 93 77,Elena Hettinger
+48 91 644 86 27,Laurence Hackett
+48 91 887 55 97,Willard Corkery
+48 91 760 25 22,Duane Jerde
+48 91 616 91 03,Mrs. Jay Stamm
+48 91 017 00 28,Calvin Rice
+48 91 615 29 24,Michael Hodkiewicz
+48 91 489 50 94,Brittany Dicki
+48 91 604 23 95,Willie Muller
+48 91 420 82 26,Pam Gulgowski
+48 91 418 83 69,Julius Veum
+48 91 441 82 46,Clara Smith Jr.
+48 91 357 36 94,Jared O'Connell V
+48 91 228 35 51,Gina Rath
+48 91 597 58 29,Mandy Herzog
+48 91 921 10 75,Tom Baumbach
+48 91 303 94 93,Gerald Ryan I
+48 91 955 41 30,Cesar Dietrich
+48 91 923 20 96,Derek Gutkowski
+48 91 617 42 93,Stuart Douglas
+48 91 770 43 62,Mrs. Della Bradtke
+48 91 842 15 91,Sam Ruecker II
+48 91 563 67 49,Dorothy Bechtelar
+48 91 871 36 60,Miss Miguel McLaughlin
+48 91 220 61 56,Sally Shields
+48 91 266 57 64,Gene Wiza
+48 91 272 62 31,John Moen
+48 91 521 57 25,Candice Mayert III
+48 91 768 11 23,Patrick White Jr.
+48 91 519 15 74,Ms. Margaret Rempel PhD
+48 91 195 88 55,Dianna Hirthe
+48 91 674 17 64,Fannie Howell
+48 91 836 59 62,Kate Watsica
+48 91 563 20 36,Elmer Ebert
+48 91 243 51 14,Bob Gulgowski
+48 91 578 85 63,Claudia Jacobi
+48 91 962 18 51,Julius Stoltenberg
+48 91 120 78 42,Bennie Hand
+48 91 483 40 28,Glen Walker DDS
+48 91 385 24 78,Doyle Stroman
+48 91 741 19 24,Claudia Kunze
+48 91 390 22 47,Joanna Konopelski
+48 91 654 64 71,Amanda Senger
+48 91 644 46 24,Fannie Block
+48 91 363 05 15,Becky Raynor
+48 91 141 01 17,Gregg Yundt
+48 91 621 53 67,Cecilia Erdman
+48 91 166 04 58,Thomas Tremblay
+48 91 824 92 18,Marian Casper
+48 91 327 57 75,Bradley Kreiger
+48 91 289 83 20,Carolyn Bergnaum Sr.
+48 91 909 05 65,Georgia Reinger
+48 91 975 55 49,Toby Hackett
+48 91 050 79 28,Elsie Graham
+48 91 132 75 85,Cory Kutch
+48 91 824 62 61,Jenna Goldner
+48 91 660 55 56,Jasmine Lynch
+48 91 571 47 55,Oscar Durgan
+48 91 584 34 11,Meredith Murray
+48 91 368 13 08,Diane Gaylord
+48 91 892 77 27,Domingo Kulas
+48 91 591 88 01,Preston Beier
+48 91 145 46 75,Erma Gibson
+48 91 123 79 99,Leo Bogisich
+48 91 540 63 59,Norman Dietrich II
+48 91 520 76 58,Kevin Carroll
+48 91 243 43 06,Angie Runte II
+48 91 525 71 08,Todd Douglas
+48 91 909 10 40,Edwin Doyle II
+48 91 031 16 92,Raquel Wilderman
+48 91 956 31 27,Hannah Volkman III
+48 91 228 00 76,Christina Nader
+48 91 231 98 81,Lindsey Sauer
+48 91 446 24 23,Paul Schaden
+48 91 070 34 85,Lynette Cormier
+48 91 517 76 79,Lisa Schmitt
+48 91 741 44 10,Kate Jacobi PhD
+48 91 537 92 67,Tommie Lehner
+48 91 148 69 38,Fannie Stokes
+48 91 156 71 12,Miss Vera Effertz
+48 91 226 12 19,Tammy Kutch
+48 91 503 07 51,Mr. Darrin Rohan
+48 91 262 85 13,Walter Heller
+48 91 700 15 63,Alison Waters
+48 91 782 91 75,Edwin Cummerata
+48 91 960 79 52,Miss Ira Kassulke
+48 91 178 00 89,Norman Hansen
+48 91 828 97 12,Eula Jacobs
+48 91 570 56 65,Paul Pagac
+48 91 851 21 57,Ms. Greg Doyle
+48 91 566 28 58,Loren Ernser
+48 91 568 74 52,Ida Schultz III
+48 91 240 33 81,Katherine Thiel
+48 91 227 14 09,Ora Rippin
+48 91 159 51 27,Rebecca Shanahan
+48 91 521 58 90,Gerardo Denesik DDS
+48 91 151 05 39,Miss Lynne Hartmann
+48 91 868 35 03,Ira Rolfson
+48 91 844 26 21,Lindsay Hane
+48 91 231 36 81,Harvey Barrows Sr.
+48 91 445 49 91,Alvin Bailey
+48 91 994 84 36,Doug Mills I
+48 91 696 14 62,Rosie McClure
+48 91 181 68 62,Cesar Daugherty
+48 91 444 87 92,Amanda Lindgren
+48 91 127 11 05,Colin Heidenreich
+48 91 018 73 75,Mike Nienow
+48 91 271 69 22,Nadine Morar
+48 91 696 06 38,Ms. Gina Grimes
+48 91 047 04 41,Mary Volkman
+48 91 782 04 33,Felix Swift
+48 91 906 90 03,Brandy Schmitt
+48 91 780 03 10,Dale Donnelly
+48 91 619 23 81,Alicia Bode
+48 91 935 97 31,Hilda Spinka
+48 91 515 76 31,Virginia Erdman
+48 91 340 21 41,Noah Dickens
+48 91 840 31 80,Abraham Rath
+48 91 270 34 57,Miriam Rau
+48 91 083 50 29,Dr. Roberta Senger
+48 91 110 47 22,Shari Klocko
+48 91 920 70 47,Whitney Rowe
+48 91 398 52 45,Hugh Schulist
+48 91 192 13 29,Violet Mann I
+48 91 486 26 45,Edna Christiansen
+48 91 270 78 30,Hector Schumm
+48 91 375 52 15,Orville Jacobson
+48 91 798 24 19,Fernando Ebert III
+48 91 462 46 10,Miss Armando Fahey
+48 91 776 17 56,Alexandra Weissnat
+48 91 468 79 89,Jill Monahan
+48 91 320 86 75,Alonzo Ledner
+48 91 403 44 01,Kathryn Borer
+48 91 479 96 89,Rene Hoppe
+48 91 088 22 78,Dwight Doyle
+48 91 915 74 43,Dennis Hammes
+48 91 822 66 05,Malcolm Botsford II
+48 91 058 70 53,Timmy Gusikowski
+48 91 518 39 02,Raquel Feil
+48 91 912 34 49,Henry Hand
+48 91 803 31 06,Kurt Adams