id,amount,description,category,createdBy,createdAt
d3fa0cbdc9a7db8c2d7a9435,651.00,Buy Others,4,46e9056ce7e2aa0c5ec7468a,23/12/2020
abbdad908ec11db3a94fb14c,210.00,Buy Others,4,eab01daf56ef839d1974a0b1,08/11/2020
6b2c6cb0ab405d80c72163bb,443.00,Buy Tools,5,eab01daf56ef839d1974a0b1,17/06/2020
4c3dbf53cd8c1a2ecd8f43fa,274.00,Buy Food,2,7bc0bdfaff1da39e4e534cb5,04/07/2020
3affef56ef9c782d68031c09,556.00,Buy Travel,1,46e9056ce7e2aa0c5ec7468a,30/07/2020
13fc3a6a7ea56730f92bdf7d,598.00,Buy Travel,1,eeded7ed3fccdaed08e1fc9e,07/04/2020
ead35d9e7bf67be4a1dc1be2,38.00,Buy Tools,5,bd80c7c3faaca134b9f4c7ad,21/08/2020
4dc8822abeb8e6863b2b6dee,802.00,Buy Others,4,7bc0bdfaff1da39e4e534cb5,13/08/2020
ea8764cdb2c395d0dffdd503,633.00,Buy Furniture,3,eeded7ed3fccdaed08e1fc9e,30/11/2020
fcf3dcdcdc17b6e4a6fffcce,837.00,Buy Tools,5,dfc7eb1bd74fd7ed83fd0fea,19/06/2020
ffbda89d886c570c3dd54cf3,232.00,Buy Furniture,3,eab01daf56ef839d1974a0b1,07/07/2020
aafa10b8c785c74eaa9e0a3e,380.00,Buy Travel,1,eab01daf56ef839d1974a0b1,28/01/2020
bccaa095aecbf3acfdf4ce8f,117.00,Buy Travel,1,bd80c7c3faaca134b9f4c7ad,27/12/2020
5bb3d09d97f3ba9e68159142,240.00,Buy Furniture,3,968cc80af6f1453efc9fd0e9,22/09/2020
ee1edab6cfeabe16dd4d34cb,31.00,Buy Travel,1,e20a13aadf117a8c8dcdccf8,27/12/2020
55bf43fc4340aaa79daa69dd,512.00,Buy Tools,5,ada6e8c9be27ccc842a185cd,01/12/2020
fb6aa2da02d2e6cced1c7cf4,11.00,Buy Tools,5,968cc80af6f1453efc9fd0e9,26/07/2020
1bac1de55509b6cfb51fa7bc,923.00,Buy Food,2,e20a13aadf117a8c8dcdccf8,02/12/2020
0ea2a09fceecb86c3fca92d3,110.00,Buy Food,2,eab01daf56ef839d1974a0b1,16/08/2020
c5b284148ae454cebcc7981a,289.00,Buy Food,2,ada6e8c9be27ccc842a185cd,09/08/2020
f24fc43bcd5ffe395ee2cb12,611.00,Buy Food,2,6b14f3716cc91ea51e5ace95,19/02/2020
a6ee1944165f309e5a3ad0b3,801.00,Buy Travel,1,dfc7eb1bd74fd7ed83fd0fea,08/06/2020
fda23bc6eb1a9e9ecc8b667f,661.00,Buy Others,4,eab01daf56ef839d1974a0b1,06/03/2020
0bed5ac185a25be9220e561b,658.00,Buy Others,4,7bc0bdfaff1da39e4e534cb5,31/03/2020
fbede5f9ed2d3bf73cd9f682,704.00,Buy Furniture,3,968cc80af6f1453efc9fd0e9,20/03/2020
eb51578dce7c5c4a4a3b2fc1,978.00,Buy Travel,1,eeded7ed3fccdaed08e1fc9e,07/10/2020
1f9bb3edeeab2dfcf67b2b06,77.00,Buy Others,4,e20a13aadf117a8c8dcdccf8,07/11/2020
ce5cfea737e35eab12ffad02,509.00,Buy Travel,1,6b14f3716cc91ea51e5ace95,01/10/2020
f8cac28cee99cccfb77f26d0,691.00,Buy Others,4,eab01daf56ef839d1974a0b1,04/05/2020
e14cd9b1f9be4afb6faee4ab,387.00,Buy Tools,5,e20a13aadf117a8c8dcdccf8,28/04/2020
da9e3eba07ad3cef5bcecb47,981.00,Buy Others,4,eeded7ed3fccdaed08e1fc9e,04/01/2020
f7ec6ea2e5ea92b1b6c9a55b,297.00,Buy Furniture,3,46e9056ce7e2aa0c5ec7468a,10/05/2020
1dddebebd5cfe15b8c2ddb0d,131.00,Buy Tools,5,eeded7ed3fccdaed08e1fc9e,02/11/2020
d7e3037d1eb390bcdfafe2fe,73.00,Buy Tools,5,eeded7ed3fccdaed08e1fc9e,27/12/2020
a24ff09dfcc386ccfb1b3c05,433.00,Buy Travel,1,eeded7ed3fccdaed08e1fc9e,15/07/2020
905bf5b0e62ebbe8c62ebbff,685.00,Buy Others,4,bd80c7c3faaca134b9f4c7ad,12/12/2020
e1b58c0528df0f0bc4f7611b,627.00,Buy Others,4,bd80c7c3faaca134b9f4c7ad,17/12/2020
e324b6afcf5d5e37c0b19c3c,636.00,Buy Tools,5,46e9056ce7e2aa0c5ec7468a,31/08/2020
6792faa5e5c3eb01fdfdd2ca,516.00,Buy Furniture,3,eab01daf56ef839d1974a0b1,20/03/2020
db75deffbf8ecb5e03d76b4a,153.00,Buy Travel,1,dfc7eb1bd74fd7ed83fd0fea,25/03/2020
657c4cf50d9d4e4665b1d16c,816.00,Buy Others,4,7bc0bdfaff1da39e4e534cb5,17/03/2020
a8b0a0b87fb7e1d11d826629,433.00,Buy Food,2,eeded7ed3fccdaed08e1fc9e,11/04/2020
caeaab304bd68bffd1ba7eca,156.00,Buy Travel,1,46e9056ce7e2aa0c5ec7468a,01/11/2020
6ef9ea74ab25eee72bbfbeeb,453.00,Buy Food,2,e20a13aadf117a8c8dcdccf8,11/08/2020
c3b0cfea4dc0fae3ea7c0b65,746.00,Buy Food,2,eab01daf56ef839d1974a0b1,27/02/2020
da4bbe88b6be8fbae1809ce5,918.00,Buy Travel,1,e20a13aadf117a8c8dcdccf8,27/01/2020
d1aa18391e1cb60fcef3ff18,730.00,Buy Furniture,3,eeded7ed3fccdaed08e1fc9e,25/05/2020
882538406ecb85ef599b1092,343.00,Buy Furniture,3,bd80c7c3faaca134b9f4c7ad,03/12/2020
f435ca4bf2abbaf9feddd5e7,483.00,Buy Travel,1,dfc7eb1bd74fd7ed83fd0fea,15/08/2020
b310be7b2cb2b0fefab9ad66,29.00,Buy Tools,5,46e9056ce7e2aa0c5ec7468a,05/08/2020
3fd0b7daf8faac8d2c39dca4,386.00,Buy Tools,5,7bc0bdfaff1da39e4e534cb5,03/09/2020
bbe3c1c697bc0577ad76e6f0,364.00,Buy Tools,5,eeded7ed3fccdaed08e1fc9e,20/06/2020
c4a6be5ae3e486a13d45a6db,77.00,Buy Others,4,eab01daf56ef839d1974a0b1,23/05/2020
d40afaa553436aaefc52def7,453.00,Buy Travel,1,ada6e8c9be27ccc842a185cd,01/02/2020
f9afde3e2b653ac2d1c8d0be,847.00,Buy Travel,1,6b14f3716cc91ea51e5ace95,27/08/2020
e3ed9e8af1ef510fce6cad55,360.00,Buy Tools,5,eab01daf56ef839d1974a0b1,02/11/2020
c7ddbdcf8c2ecafdc8fbff7d,116.00,Buy Food,2,e20a13aadf117a8c8dcdccf8,28/01/2020
a1b97a78309edba4fea3c1e6,197.00,Buy Furniture,3,ada6e8c9be27ccc842a185cd,10/08/2020
4bfcc4e364bebbd0a7f9dc3b,437.00,Buy Food,2,ada6e8c9be27ccc842a185cd,23/04/2020
21beff8bc6acaca3445cd82c,285.00,Buy Tools,5,eab01daf56ef839d1974a0b1,23/12/2020
2ea3b876cd5be23f5f10dbdd,352.00,Buy Furniture,3,dfc7eb1bd74fd7ed83fd0fea,09/08/2020
ae927d079df0fc96a868afee,504.00,Buy Others,4,eeded7ed3fccdaed08e1fc9e,23/07/2020
9d58106b9d18f894cdb0c93f,66.00,Buy Furniture,3,eab01daf56ef839d1974a0b1,03/05/2020
021ad7094ab4c7ced0c4e87d,285.00,Buy Food,2,bd80c7c3faaca134b9f4c7ad,28/06/2020
def2db174bd4eb655cc1dd8c,618.00,Buy Furniture,3,968cc80af6f1453efc9fd0e9,04/05/2020
b0d32cd7b36bd4cc172b8054,95.00,Buy Tools,5,eab01daf56ef839d1974a0b1,16/10/2020
11b9fac61317c337afb43fad,6.00,Buy Others,4,968cc80af6f1453efc9fd0e9,03/01/2020
3dacf1332e6d213db2ef6fce,37.00,Buy Tools,5,eab01daf56ef839d1974a0b1,07/07/2020
c2cdfafcf7fdefe19ca16ed5,165.00,Buy Tools,5,6b14f3716cc91ea51e5ace95,20/07/2020
95041a0a7aeddf0baff5ec7e,423.00,Buy Travel,1,e20a13aadf117a8c8dcdccf8,30/09/2020
eb6f2fafd1abd33f5df4a62f,541.00,Buy Others,4,eab01daf56ef839d1974a0b1,13/07/2020
9b03e7fe221b1889635fd0a3,208.00,Buy Food,2,46e9056ce7e2aa0c5ec7468a,21/07/2020
ae8e1db6bafc216faef94cf3,295.00,Buy Tools,5,e20a13aadf117a8c8dcdccf8,05/12/2020
ba49bddd84c7a5d3f61b6ce8,789.00,Buy Food,2,6b14f3716cc91ea51e5ace95,13/07/2020
2be1ecd76cfc2ccc2ec88eec,189.00,Buy Food,2,ada6e8c9be27ccc842a185cd,15/07/2020
ee66f1bf306c66a8fbbe1dcb,356.00,Buy Travel,1,eab01daf56ef839d1974a0b1,27/08/2020
e791f259b7a1d39b9155b13d,862.00,Buy Others,4,6b14f3716cc91ea51e5ace95,18/06/2020
70bbd33d7f4dff11473fcba6,460.00,Buy Food,2,7bc0bdfaff1da39e4e534cb5,12/11/2020
e907cdb0aac20a0b5e635def,473.00,Buy Tools,5,eab01daf56ef839d1974a0b1,02/09/2020
8bdda8ceb4e39d8f95b5b760,385.00,Buy Tools,5,968cc80af6f1453efc9fd0e9,28/11/2020
7e5ebe278c34ccfcdae81a4d,178.00,Buy Travel,1,6b14f3716cc91ea51e5ace95,02/04/2020
bb37ecdfb75ed636a35f4aad,552.00,Buy Food,2,ada6e8c9be27ccc842a185cd,03/08/2020
acd6a8d7cf29faea49d045ac,799.00,Buy Furniture,3,eeded7ed3fccdaed08e1fc9e,17/10/2020
9b0cf45ab3cafbe20fdcbacd,758.00,Buy Others,4,e20a13aadf117a8c8dcdccf8,24/04/2020
9ee2a30aa261b41d49feecfe,75.00,Buy Food,2,6b14f3716cc91ea51e5ace95,30/03/2020
80d384e9c6fcbe6feac20f50,607.00,Buy Others,4,bd80c7c3faaca134b9f4c7ad,06/10/2020
fdfb6e422cab94be8fd2fb8f,714.00,Buy Food,2,6b14f3716cc91ea51e5ace95,08/12/2020
2712ebafb2d57dcdfca5eeaf,97.00,Buy Others,4,bd80c7c3faaca134b9f4c7ad,05/07/2020
8cfef3449707da9bfc70bd08,4.00,Buy Tools,5,eab01daf56ef839d1974a0b1,15/10/2020
ccedea2edd90b05fac6582db,440.00,Buy Furniture,3,eeded7ed3fccdaed08e1fc9e,26/11/2020
b2ee9ee7cc3dd8ffbedece81,590.00,Buy Food,2,bd80c7c3faaca134b9f4c7ad,24/09/2020
4132b3705b2ff69ce472dbea,28.00,Buy Others,4,ada6e8c9be27ccc842a185cd,11/12/2020
6eced7f8a52ee98df88ebabd,94.00,Buy Travel,1,46e9056ce7e2aa0c5ec7468a,07/01/2020
31f5c3ef456f59bc01f5ac12,871.00,Buy Travel,1,46e9056ce7e2aa0c5ec7468a,11/12/2020
dabfcccb23d83fbbb8935040,296.00,Buy Travel,1,ada6e8c9be27ccc842a185cd,12/08/2020
61187b9b2eb0c2effd3c038e,961.00,Buy Travel,1,46e9056ce7e2aa0c5ec7468a,12/09/2020
ed778bead9d27acc7e92bd1b,806.00,Buy Furniture,3,bd80c7c3faaca134b9f4c7ad,04/07/2020
9dabf34beee7a8a0a0b3de19,149.00,Buy Furniture,3,968cc80af6f1453efc9fd0e9,16/05/2020
b47fdb049ee7e9cc1bbd8d30,177.00,Buy Others,4,46e9056ce7e2aa0c5ec7468a,15/12/2020
50aadabcbf01f8eee62d1c42,431.00,Buy Furniture,3,dfc7eb1bd74fd7ed83fd0fea,12/07/2020
ecdf0d8c693634eba2d9ff27,674.00,Buy Tools,5,dfc7eb1bd74fd7ed83fd0fea,17/04/2020
4d7c1e1a4ab1cbd1e4a5c8dc,149.00,Buy Tools,5,7bc0bdfaff1da39e4e534cb5,02/08/2020
7dc6cffc16b5a2807491dc58,775.00,Buy Travel,1,bd80c7c3faaca134b9f4c7ad,29/12/2020
d5a184cd63adc2e343abcdd4,36.00,Buy Travel,1,e20a13aadf117a8c8dcdccf8,01/10/2020
035d1cf2d74654c6389086c4,496.00,Buy Furniture,3,6b14f3716cc91ea51e5ace95,12/05/2020
7ebbf45e559e9b871506c6b5,76.00,Buy Food,2,968cc80af6f1453efc9fd0e9,04/02/2020
4768cbf337b0dbb570ffc496,336.00,Buy Others,4,e20a13aadf117a8c8dcdccf8,04/01/2020
2ff32d55bec24fe4f848b06c,801.00,Buy Tools,5,eab01daf56ef839d1974a0b1,16/08/2020
84888da0980a825eaafb481e,205.00,Buy Tools,5,968cc80af6f1453efc9fd0e9,28/11/2020
fd5bdd8500121ac7fe96f9f7,38.00,Buy Furniture,3,e20a13aadf117a8c8dcdccf8,02/11/2020
ddc3ff2dc620eeedfc0ebae4,43.00,Buy Others,4,dfc7eb1bd74fd7ed83fd0fea,01/01/2020
aadf4b5b7effb63ba7648d6c,814.00,Buy Furniture,3,eeded7ed3fccdaed08e1fc9e,24/01/2020
0cebfb718cf4d279239a29fe,268.00,Buy Food,2,bd80c7c3faaca134b9f4c7ad,08/06/2020
6453b5fef0eaad76a92bde5e,537.00,Buy Tools,5,46e9056ce7e2aa0c5ec7468a,10/01/2020
dec1cf26bfddadee5857b34c,161.00,Buy Food,2,968cc80af6f1453efc9fd0e9,04/05/2020
5b8c0824512ec77946da2ecb,74.00,Buy Tools,5,dfc7eb1bd74fd7ed83fd0fea,24/08/2020
8cafa07bb563576aa4751baa,109.00,Buy Food,2,7bc0bdfaff1da39e4e534cb5,25/04/2020
3bfbf9b8d7fec3bacf9de894,376.00,Buy Others,4,6b14f3716cc91ea51e5ace95,21/02/2020
37c121f5fed8bd45ac58e58a,728.00,Buy Others,4,e20a13aadf117a8c8dcdccf8,05/08/2020
b7cdcd71e443ca30c25f3d3c,542.00,Buy Food,2,968cc80af6f1453efc9fd0e9,05/05/2020
5ee6cdfc3e261ad5035bab6c,225.00,Buy Others,4,eeded7ed3fccdaed08e1fc9e,10/02/2020
0f53eb2c4e008d747abe5ddb,898.00,Buy Tools,5,dfc7eb1bd74fd7ed83fd0fea,03/01/2020
0c9dd00a04bac7a2e7c7bdcf,76.00,Buy Others,4,bd80c7c3faaca134b9f4c7ad,11/01/2020
2863c0f41cf0c5ae2a17c94a,770.00,Buy Travel,1,6b14f3716cc91ea51e5ace95,31/01/2020
e77cec477b460e8dda31fd3b,472.00,Buy Food,2,7bc0bdfaff1da39e4e534cb5,05/05/2020
1cfc440539a3b5ea39de11a3,536.00,Buy Tools,5,7bc0bdfaff1da39e4e534cb5,10/04/2020
b7decade7676907eaa6bfcfd,981.00,Buy Others,4,eab01daf56ef839d1974a0b1,23/10/2020
fbad1aea1a49fd3d268afade,807.00,Buy Tools,5,968cc80af6f1453efc9fd0e9,31/08/2020
5c1bcf03bdab9c2aa5fa3ce5,345.00,Buy Travel,1,ada6e8c9be27ccc842a185cd,27/04/2020
ebab786e84e9987a1e9d5bd2,923.00,Buy Tools,5,eab01daf56ef839d1974a0b1,03/05/2020
7dc513ad85d1dba50dcfbb7b,91.00,Buy Tools,5,e20a13aadf117a8c8dcdccf8,12/03/2020
ffaf3c16bec94cfa649c10e8,143.00,Buy Furniture,3,ada6e8c9be27ccc842a185cd,01/05/2020
c3e3c2f89f9cf03cfe44c456,287.00,Buy Tools,5,eeded7ed3fccdaed08e1fc9e,24/04/2020
24f50744e6a8c1e5f2648d26,660.00,Buy Furniture,3,dfc7eb1bd74fd7ed83fd0fea,13/06/2020
55ecfecc83d6f9f4dd0ae70c,318.00,Buy Travel,1,7bc0bdfaff1da39e4e534cb5,24/03/2020
62bd9d3d5d7ee9eebaa45bb6,106.00,Buy Others,4,e20a13aadf117a8c8dcdccf8,09/10/2020
f9f8eaa961c82f5dfa64b9ac,229.00,Buy Others,4,e20a13aadf117a8c8dcdccf8,14/08/2020
b6e5fab97775ac71376ec440,694.00,Buy Tools,5,46e9056ce7e2aa0c5ec7468a,07/03/2020
cdb52f1cdedb5b54803ae780,462.00,Buy Tools,5,eeded7ed3fccdaed08e1fc9e,18/04/2020
cb8e9bd1c605d9cc1dd240af,873.00,Buy Others,4,6b14f3716cc91ea51e5ace95,01/06/2020
778f7fb3a8d909abfe53c1cd,697.00,Buy Tools,5,e20a13aadf117a8c8dcdccf8,29/06/2020
89ee86c29fb7eebe67bcfc4b,944.00,Buy Furniture,3,dfc7eb1bd74fd7ed83fd0fea,18/02/2020
4418a7d8e4bd29a1c6dde21e,534.00,Buy Travel,1,ada6e8c9be27ccc842a185cd,20/05/2020
04ffedbefde6807eafcedaba,952.00,Buy Tools,5,e20a13aadf117a8c8dcdccf8,29/12/2020
296d6ceeddfd61bd0ccd3eed,36.00,Buy Others,4,eeded7ed3fccdaed08e1fc9e,20/06/2020
bbe10b7fb3c57addcf43ecbb,463.00,Buy Furniture,3,e20a13aadf117a8c8dcdccf8,13/05/2020
9b22cea0ac2fc4bb4947df8b,629.00,Buy Food,2,dfc7eb1bd74fd7ed83fd0fea,29/01/2020
bc9d08d8f6efd5f985bdbe72,41.00,Buy Tools,5,ada6e8c9be27ccc842a185cd,04/04/2020
bea8dcabdad20b5936fddd80,383.00,Buy Furniture,3,6b14f3716cc91ea51e5ace95,08/06/2020
1b1ef6cc1ff7fa8ba8e8bb0e,245.00,Buy Furniture,3,7bc0bdfaff1da39e4e534cb5,03/10/2020
1a20edbae07dc999beee3dde,750.00,Buy Tools,5,eab01daf56ef839d1974a0b1,24/04/2020
1cc18c06bceaa2da2baefb0d,763.00,Buy Food,2,e20a13aadf117a8c8dcdccf8,20/04/2020
f4a03a9bfbbd24fdfecea7c4,135.00,Buy Others,4,eab01daf56ef839d1974a0b1,24/08/2020
6fbbc7e83a8acacac46f0dca,592.00,Buy Others,4,bd80c7c3faaca134b9f4c7ad,14/12/2020
a5557e25db93ecf3f387bece,82.00,Buy Tools,5,bd80c7c3faaca134b9f4c7ad,30/06/2020
b7f7d74a68f53e29f7943eb0,104.00,Buy Travel,1,46e9056ce7e2aa0c5ec7468a,22/02/2020
d5d16865c5742bdcc71ea04b,744.00,Buy Food,2,7bc0bdfaff1da39e4e534cb5,27/06/2020
67edae1a5ee4edcbfc1848e6,595.00,Buy Food,2,46e9056ce7e2aa0c5ec7468a,10/12/2020
1cf9e3ac23ba16d65197c9db,899.00,Buy Food,2,968cc80af6f1453efc9fd0e9,13/08/2020
09dd8e94fd030579bb5a628a,596.00,Buy Others,4,6b14f3716cc91ea51e5ace95,23/08/2020
bcdbc42f6a9c7ff8ea7cf9ea,48.00,Buy Travel,1,7bc0bdfaff1da39e4e534cb5,20/08/2020
e3bc355b5ac6e20f1c5b9d8f,269.00,Buy Travel,1,7bc0bdfaff1da39e4e534cb5,18/06/2020
ba539c95c4b0bedef368c8ef,614.00,Buy Food,2,ada6e8c9be27ccc842a185cd,10/11/2020
d099a8e458cecac55afecbba,42.00,Buy Tools,5,eab01daf56ef839d1974a0b1,03/04/2020
ad1cb660f9bd11ee56c54d18,987.00,Buy Furniture,3,e20a13aadf117a8c8dcdccf8,05/08/2020
faadedcf4cbfaf9c8eefb183,539.00,Buy Furniture,3,eeded7ed3fccdaed08e1fc9e,23/08/2020
971a04fcb771e0df84bb5e66,654.00,Buy Others,4,e20a13aadf117a8c8dcdccf8,23/04/2020
d019ffd5ca06af57a86ad337,821.00,Buy Others,4,e20a13aadf117a8c8dcdccf8,01/03/2020
f98ee0cdb4ddadb83cac5d67,645.00,Buy Others,4,eeded7ed3fccdaed08e1fc9e,28/07/2020
eec5a7acc902f34dabba4d86,72.00,Buy Travel,1,968cc80af6f1453efc9fd0e9,22/08/2020
3df41cefcf3074f1ada62954,831.00,Buy Tools,5,6b14f3716cc91ea51e5ace95,11/11/2020
c87eb70d53ae033d4f13c438,984.00,Buy Food,2,ada6e8c9be27ccc842a185cd,05/02/2020
dbd8ccdc4babc59abea38e92,459.00,Buy Furniture,3,7bc0bdfaff1da39e4e534cb5,19/04/2020
75cd30a54134c5dd902fefcc,5.00,Buy Furniture,3,46e9056ce7e2aa0c5ec7468a,23/02/2020
87efa6bdf7a6c7cce25bbebe,903.00,Buy Food,2,46e9056ce7e2aa0c5ec7468a,29/12/2020
39d88284b9a1adff10eda71f,11.00,Buy Furniture,3,6b14f3716cc91ea51e5ace95,30/01/2020
1e0d1a6defe9fc3d00faa5ff,650.00,Buy Tools,5,46e9056ce7e2aa0c5ec7468a,29/03/2020
af49e4a599a0b9800be384ac,204.00,Buy Tools,5,968cc80af6f1453efc9fd0e9,24/11/2020
2f0589fccef8d7ad5872d11c,264.00,Buy Travel,1,46e9056ce7e2aa0c5ec7468a,16/02/2020
97c65ba32ebc09fd9faf1609,693.00,Buy Food,2,e20a13aadf117a8c8dcdccf8,28/06/2020
d4ccf67a14f4a86af9bcbf2f,224.00,Buy Travel,1,ada6e8c9be27ccc842a185cd,03/08/2020
1601c633fc752d68f9dfc61a,928.00,Buy Food,2,e20a13aadf117a8c8dcdccf8,08/10/2020
deba57beee360c3d1ba999af,375.00,Buy Tools,5,7bc0bdfaff1da39e4e534cb5,01/12/2020
fce32c6ae1e7f9e5fbe71d9e,583.00,Buy Others,4,eab01daf56ef839d1974a0b1,24/11/2020
3c7d18d71bb2e06ecfaab3f7,502.00,Buy Tools,5,ada6e8c9be27ccc842a185cd,08/11/2020
18f47d0affed9ceebaeccbc5,839.00,Buy Food,2,bd80c7c3faaca134b9f4c7ad,02/05/2020
8a9cebeedf89dbd5d1ba88ac,817.00,Buy Travel,1,7bc0bdfaff1da39e4e534cb5,24/03/2020
aee88fc4b4c5d54d8c53bc2a,110.00,Buy Furniture,3,eab01daf56ef839d1974a0b1,04/05/2020
98b8933d552d7bab6ba78a98,162.00,Buy Travel,1,e20a13aadf117a8c8dcdccf8,03/01/2020
c4d194de7dbd3fde3b3ffb8e,281.00,Buy Furniture,3,eeded7ed3fccdaed08e1fc9e,19/09/2020
5d5dcf9b2ffedfb1d818c47d,347.00,Buy Others,4,ada6e8c9be27ccc842a185cd,22/12/2020
2fabc6a20158cc0c64a9eba0,115.00,Buy Others,4,7bc0bdfaff1da39e4e534cb5,19/12/2020
8fefcc1d0c047cff6ddade41,793.00,Buy Others,4,6b14f3716cc91ea51e5ace95,15/07/2020
e1070bedb7de23b5e2b0bfd3,417.00,Buy Tools,5,e20a13aadf117a8c8dcdccf8,03/07/2020
ff5cfaaeafcc1d47be1dba36,390.00,Buy Tools,5,eab01daf56ef839d1974a0b1,22/07/2020
bc040ba9f978c444beeadf0e,40.00,Buy Travel,1,ada6e8c9be27ccc842a185cd,07/02/2020
f57beffb6d89f6aef649472e,60.00,Buy Food,2,bd80c7c3faaca134b9f4c7ad,29/05/2020
d3ac7ec6aefface2dcfd054c,812.00,Buy Travel,1,eeded7ed3fccdaed08e1fc9e,24/01/2020
684bafdf7f7cd580cbbcfb86,829.00,Buy Travel,1,6b14f3716cc91ea51e5ace95,27/01/2020
7b44bc4e5bb2c9bc8411860c,467.00,Buy Others,4,ada6e8c9be27ccc842a185cd,29/05/2020
d3bbc3f02bf1ad07fe1792dd,195.00,Buy Food,2,eab01daf56ef839d1974a0b1,30/03/2020
8f789a3efee7bae3ccafa6a6,895.00,Buy Others,4,7bc0bdfaff1da39e4e534cb5,12/02/2020
fca5c5a2f1e3e975ddfb2122,848.00,Buy Food,2,eab01daf56ef839d1974a0b1,14/10/2020
4e01aaffdaaa28ca003f7ec5,64.00,Buy Tools,5,7bc0bdfaff1da39e4e534cb5,26/03/2020
13d8bc0143b3cfd47e8dcff7,784.00,Buy Tools,5,eeded7ed3fccdaed08e1fc9e,27/11/2020
02cac2539e8d3024ef3dcd94,830.00,Buy Others,4,bd80c7c3faaca134b9f4c7ad,19/04/2020
bbddaabdb932ad2a4bb4c99d,49.00,Buy Furniture,3,e20a13aadf117a8c8dcdccf8,15/06/2020
47fa643bad3bdaad0b7ebdcb,258.00,Buy Travel,1,dfc7eb1bd74fd7ed83fd0fea,25/09/2020
fd4be6bcecad1bcc0c2eaff2,789.00,Buy Travel,1,ada6e8c9be27ccc842a185cd,08/12/2020
f4ba87ec5bef52b0f2e4df93,894.00,Buy Travel,1,968cc80af6f1453efc9fd0e9,07/06/2020
9d54b5ec470eaaa4190cbfc7,619.00,Buy Furniture,3,eab01daf56ef839d1974a0b1,18/02/2020
e7e18e8b85c3d13cb8dfc79c,615.00,Buy Others,4,bd80c7c3faaca134b9f4c7ad,09/07/2020
cdd4b3a608fcfcfbbccfcf6f,520.00,Buy Others,4,e20a13aadf117a8c8dcdccf8,16/08/2020
00c287a099d5a4dba93b9be2,274.00,Buy Furniture,3,eeded7ed3fccdaed08e1fc9e,26/07/2020
ac984e83ec3f1eae4db90a3a,618.00,Buy Tools,5,46e9056ce7e2aa0c5ec7468a,13/03/2020
2564ac3ca242aa52c35c4bd5,209.00,Buy Food,2,6b14f3716cc91ea51e5ace95,27/12/2020
b2afb99b2c5571c24f8b5775,325.00,Buy Travel,1,bd80c7c3faaca134b9f4c7ad,30/08/2020
eb1c3fdaccd4b295fff45f37,120.00,Buy Travel,1,eeded7ed3fccdaed08e1fc9e,22/06/2020
d11144c8eb6aad387e8c69db,414.00,Buy Others,4,dfc7eb1bd74fd7ed83fd0fea,16/12/2020
e8f9c2ddc349faba23feb663,452.00,Buy Food,2,7bc0bdfaff1da39e4e534cb5,05/02/2020
ab13dba0dd2de1ced85cb0d7,716.00,Buy Travel,1,eab01daf56ef839d1974a0b1,16/07/2020
2246c4beeebcbfb9bc60ebfd,196.00,Buy Tools,5,968cc80af6f1453efc9fd0e9,23/12/2020
4aefba65f43ebea79cee1e55,54.00,Buy Tools,5,e20a13aadf117a8c8dcdccf8,20/08/2020
b643ccbe154c1d0d2fd3aa39,547.00,Buy Others,4,e20a13aadf117a8c8dcdccf8,17/08/2020
b0ef7b75eaa4bbece6b3bc05,51.00,Buy Furniture,3,46e9056ce7e2aa0c5ec7468a,06/07/2020
01e6babf9bcbbbe07de01f6c,781.00,Buy Others,4,bd80c7c3faaca134b9f4c7ad,28/09/2020
4d8b99d9b5eabc7ac32f133b,934.00,Buy Others,4,968cc80af6f1453efc9fd0e9,26/06/2020
f20354beff6ed0b5abc6edce,534.00,Buy Food,2,bd80c7c3faaca134b9f4c7ad,25/07/2020
da131b6f305252d0ab1c97d4,751.00,Buy Travel,1,46e9056ce7e2aa0c5ec7468a,12/03/2020
ce87929ad7344c5dce27b03b,374.00,Buy Travel,1,ada6e8c9be27ccc842a185cd,13/06/2020
fcd0c411aaaa7f3e77dbb0ed,942.00,Buy Tools,5,46e9056ce7e2aa0c5ec7468a,31/01/2020
c5de636a05bc69a76a3d6878,526.00,Buy Travel,1,e20a13aadf117a8c8dcdccf8,27/07/2020
aeeb3e87dccdd0ec818dc6b3,23.00,Buy Others,4,eab01daf56ef839d1974a0b1,30/08/2020
d26ba5c3cf1eef0a304cbff6,938.00,Buy Furniture,3,46e9056ce7e2aa0c5ec7468a,03/05/2020
a331cd3ca9a47021edfecf84,337.00,Buy Travel,1,eab01daf56ef839d1974a0b1,28/11/2020
1fd0badb38c8469ecce92ecd,274.00,Buy Furniture,3,7bc0bdfaff1da39e4e534cb5,09/02/2020
fb48cb1fe894dcf4ef45ea1e,2.00,Buy Furniture,3,bd80c7c3faaca134b9f4c7ad,24/02/2020
018bc36c8d6fde46b9ba680b,278.00,Buy Tools,5,eeded7ed3fccdaed08e1fc9e,14/07/2020
ef24e4bd71ecd70dddad7de8,854.00,Buy Others,4,bd80c7c3faaca134b9f4c7ad,14/09/2020
dacd76f7cf6ce7f9aae2ed6d,145.00,Buy Travel,1,7bc0bdfaff1da39e4e534cb5,02/01/2020
ea094edeae6d9d1fc5fffa2f,80.00,Buy Furniture,3,6b14f3716cc91ea51e5ace95,10/02/2020
3dffbaa98dd80e7aa9f8eb3b,682.00,Buy Travel,1,ada6e8c9be27ccc842a185cd,26/12/2020
62a0123b77daa1edca2d7909,97.00,Buy Food,2,bd80c7c3faaca134b9f4c7ad,29/12/2020
dcb9db3e84c1cd702b4499bd,20.00,Buy Food,2,e20a13aadf117a8c8dcdccf8,02/07/2020
22986aeb1faffa2c0d150eb6,210.00,Buy Furniture,3,46e9056ce7e2aa0c5ec7468a,23/12/2020
7a762ad09acdfb3a9987fdf1,725.00,Buy Furniture,3,46e9056ce7e2aa0c5ec7468a,07/07/2020
baefcfbffba2ccbac1f5f177,709.00,Buy Furniture,3,6b14f3716cc91ea51e5ace95,02/03/2020
1f9aa8ab5f65cefefc96ee7d,904.00,Buy Others,4,968cc80af6f1453efc9fd0e9,22/06/2020
4e16b3c0fcecee35d1ee50df,548.00,Buy Food,2,bd80c7c3faaca134b9f4c7ad,12/05/2020
a48214198fba84e9afc05106,489.00,Buy Travel,1,dfc7eb1bd74fd7ed83fd0fea,30/10/2020
cfafb7e59f4ab47f6d62b55f,200.00,Buy Food,2,eeded7ed3fccdaed08e1fc9e,12/08/2020
56a7e88a7dacef9bf75fb8cb,302.00,Buy Travel,1,dfc7eb1bd74fd7ed83fd0fea,08/07/2020
ab5b2eba59d19d4bd03c8c53,875.00,Buy Travel,1,e20a13aadf117a8c8dcdccf8,02/04/2020
4ebdfc0cbaadbb838ccf8bad,652.00,Buy Food,2,6b14f3716cc91ea51e5ace95,04/12/2020
b60ef8ca9cdd81abef351e93,959.00,Buy Travel,1,ada6e8c9be27ccc842a185cd,16/11/2020
0f9c15fdff3bbb675abae502,951.00,Buy Travel,1,e20a13aadf117a8c8dcdccf8,19/11/2020
bce7868fccfc0aaccf1fdeba,155.00,Buy Furniture,3,e20a13aadf117a8c8dcdccf8,26/06/2020
63c2a71e1acdc56da0688fca,693.00,Buy Tools,5,eab01daf56ef839d1974a0b1,11/07/2020
2c05ceb125a47c5d7eb7ab6a,56.00,Buy Furniture,3,eab01daf56ef839d1974a0b1,16/07/2020
cfa99047f59ae51c8ba3fefd,189.00,Buy Tools,5,bd80c7c3faaca134b9f4c7ad,04/04/2020
b0bb5fe7f23d2bda02b3fe9a,122.00,Buy Others,4,dfc7eb1bd74fd7ed83fd0fea,20/02/2020
3198e2ed3ccbbb0c9bf0b4c7,704.00,Buy Travel,1,dfc7eb1bd74fd7ed83fd0fea,03/02/2020
00170c5eaa52381fce9abc71,482.00,Buy Travel,1,dfc7eb1bd74fd7ed83fd0fea,11/02/2020
e506a7bb7e5dea4f79e683fe,28.00,Buy Tools,5,e20a13aadf117a8c8dcdccf8,05/08/2020
d023e867dcaed9f104edd00f,844.00,Buy Others,4,eeded7ed3fccdaed08e1fc9e,04/08/2020
6ba05f6fe0cdd3156a500a56,625.00,Buy Tools,5,ada6e8c9be27ccc842a185cd,29/02/2020
ddb24c8afb92c58dafab2dac,388.00,Buy Tools,5,7bc0bdfaff1da39e4e534cb5,08/02/2020
3baac297dcc7eeed202fdb8d,55.00,Buy Food,2,eab01daf56ef839d1974a0b1,31/05/2020
30df3cacc8e5eec2b29b85c3,804.00,Buy Food,2,968cc80af6f1453efc9fd0e9,17/10/2020
5c3a5d295effe3f95d5acbb1,624.00,Buy Travel,1,e20a13aadf117a8c8dcdccf8,02/02/2020
e0aaf7f696fda6fb9fdedd8b,337.00,Buy Tools,5,7bc0bdfaff1da39e4e534cb5,09/09/2020
b6fbeb953dd3cd6fcf08cec3,919.00,Buy Tools,5,dfc7eb1bd74fd7ed83fd0fea,07/01/2020
baccd1932b99fde0e85e3ba2,440.00,Buy Tools,5,e20a13aadf117a8c8dcdccf8,01/12/2020
abf2ea5dc354b090a3b1a3c7,703.00,Buy Food,2,46e9056ce7e2aa0c5ec7468a,30/09/2020
39ce14aa7ca2ebdc4a28d2cb,488.00,Buy Furniture,3,bd80c7c3faaca134b9f4c7ad,18/12/2020
af7bdae48f4cafd2faf0acff,312.00,Buy Furniture,3,e20a13aadf117a8c8dcdccf8,21/07/2020
aa8e05c4a625c492fccca2b0,766.00,Buy Furniture,3,ada6e8c9be27ccc842a185cd,21/01/2020
6eab39e6826ebda976f55022,976.00,Buy Food,2,968cc80af6f1453efc9fd0e9,05/05/2020
cd1dc2c5abca98e023b9f9c5,159.00,Buy Tools,5,968cc80af6f1453efc9fd0e9,08/02/2020
83ed2b51783c83f63a1e61e3,75.00,Buy Food,2,bd80c7c3faaca134b9f4c7ad,24/10/2020
9ab08aee825f52030e5d0173,79.00,Buy Food,2,e20a13aadf117a8c8dcdccf8,22/11/2020
ccf753bdb7acbdc5ec74dba1,732.00,Buy Others,4,dfc7eb1bd74fd7ed83fd0fea,17/07/2020
c2fbf1a80bd9ccebe35e353a,766.00,Buy Others,4,ada6e8c9be27ccc842a185cd,26/09/2020
ca76e6e878eebb8b76f36e92,263.00,Buy Travel,1,ada6e8c9be27ccc842a185cd,18/12/2020
bf0cfaef0a560e0cbb4a5af4,324.00,Buy Food,2,dfc7eb1bd74fd7ed83fd0fea,12/09/2020
e6310edd9baffcfdb1aaf4e6,991.00,Buy Tools,5,e20a13aadf117a8c8dcdccf8,16/02/2020
4b16fcb218bceeaccec89cc7,171.00,Buy Furniture,3,46e9056ce7e2aa0c5ec7468a,03/07/2020
c82d8e20ce5885e46134adba,502.00,Buy Travel,1,6b14f3716cc91ea51e5ace95,08/03/2020
a974f87278ea5069eec11da0,174.00,Buy Travel,1,6b14f3716cc91ea51e5ace95,23/09/2020
d39f4deee6fb8faaefbba3c4,996.00,Buy Tools,5,e20a13aadf117a8c8dcdccf8,24/10/2020
33e0bcfdd57da857ed788c35,787.00,Buy Travel,1,7bc0bdfaff1da39e4e534cb5,26/10/2020
e916c9df95eeea3f1ddb4fe0,408.00,Buy Travel,1,dfc7eb1bd74fd7ed83fd0fea,02/08/2020
9cbcbffa4ea6be88cde2cfd7,169.00,Buy Food,2,6b14f3716cc91ea51e5ace95,03/09/2020
1e1b8cba01f6de1432ad7dfa,318.00,Buy Food,2,46e9056ce7e2aa0c5ec7468a,22/05/2020
54eda161e4c02ce865aca7ef,127.00,Buy Others,4,ada6e8c9be27ccc842a185cd,11/06/2020
7af37ea61a7973d72ee2b888,291.00,Buy Furniture,3,46e9056ce7e2aa0c5ec7468a,30/05/2020
f1ee760ef534351dea78a8fb,872.00,Buy Others,4,e20a13aadf117a8c8dcdccf8,05/05/2020
dfdf18ca3f2b1b5a470fe4cf,932.00,Buy Others,4,dfc7eb1bd74fd7ed83fd0fea,06/04/2020
debaf411bedc19e87b63665f,675.00,Buy Food,2,6b14f3716cc91ea51e5ace95,27/02/2020
d80ab99293d7290b22b8ae02,586.00,Buy Food,2,bd80c7c3faaca134b9f4c7ad,30/01/2020
abeecb9484ddabeb4ea6b5db,172.00,Buy Tools,5,e20a13aadf117a8c8dcdccf8,15/07/2020
ecdbfd93d5fb3e89161f18d5,304.00,Buy Tools,5,ada6e8c9be27ccc842a185cd,28/06/2020
cb67c1137d1fe59ccc5ab3f8,260.00,Buy Food,2,7bc0bdfaff1da39e4e534cb5,11/02/2020
1b97037e44af4fdeaf5a8edc,616.00,Buy Furniture,3,ada6e8c9be27ccc842a185cd,24/06/2020
8c0beacef7be66dbbe8b5d87,289.00,Buy Tools,5,7bc0bdfaff1da39e4e534cb5,05/04/2020
f50eed2af6d8bfb3aeb98a2c,320.00,Buy Furniture,3,eab01daf56ef839d1974a0b1,01/11/2020
56e1168e7f245babc0a6096f,696.00,Buy Food,2,dfc7eb1bd74fd7ed83fd0fea,28/01/2020
ca6911458cf65e8facbd9905,503.00,Buy Tools,5,e20a13aadf117a8c8dcdccf8,22/06/2020
f35e4fbc8dde7365efbd3bff,218.00,Buy Furniture,3,bd80c7c3faaca134b9f4c7ad,15/07/2020
0053dd0fdc8cfc9376b2febb,136.00,Buy Furniture,3,6b14f3716cc91ea51e5ace95,17/05/2020
5b24914d1e6a04f5dfe29df1,78.00,Buy Travel,1,ada6e8c9be27ccc842a185cd,26/04/2020
c9ac253a6ebb86b84cc90cef,857.00,Buy Furniture,3,ada6e8c9be27ccc842a185cd,26/04/2020
e9de6c934d6dfb5060fcad28,672.00,Buy Food,2,6b14f3716cc91ea51e5ace95,06/12/2020
a1cd80831eb4a1cdbeb47eeb,551.00,Buy Furniture,3,dfc7eb1bd74fd7ed83fd0fea,21/07/2020
88be19617e8cc66faf7b4f55,556.00,Buy Furniture,3,dfc7eb1bd74fd7ed83fd0fea,23/04/2020
5f13997dbbdf46e5cb88ffd2,31.00,Buy Travel,1,e20a13aadf117a8c8dcdccf8,13/02/2020
c84cce7d4e8e9efde1327bf7,794.00,Buy Food,2,eeded7ed3fccdaed08e1fc9e,26/12/2020
b7ef6f53c1a25bbfed68f49d,727.00,Buy Tools,5,ada6e8c9be27ccc842a185cd,22/01/2020
d58fbbfcb873cac1a5559ede,784.00,Buy Furniture,3,7bc0bdfaff1da39e4e534cb5,30/06/2020
46c21f67ede2ddfea1dfbb9f,765.00,Buy Furniture,3,eeded7ed3fccdaed08e1fc9e,11/12/2020
a9b2a9f3cf1af3afefebaff6,314.00,Buy Travel,1,46e9056ce7e2aa0c5ec7468a,09/04/2020
ddb421cfb6f73a74ae6ccec8,874.00,Buy Others,4,968cc80af6f1453efc9fd0e9,03/02/2020
12fb52bcab9d83cc5e9d4bea,391.00,Buy Furniture,3,dfc7eb1bd74fd7ed83fd0fea,04/02/2020
afbeccb9aafaf142ba3ec54f,462.00,Buy Others,4,eeded7ed3fccdaed08e1fc9e,11/11/2020
d4c75b251dcfe6aeb1bb3113,685.00,Buy Travel,1,6b14f3716cc91ea51e5ace95,06/01/2020
cdb26cfccde3cacdae99deee,184.00,Buy Tools,5,7bc0bdfaff1da39e4e534cb5,23/08/2020
df7c0bd0df3eb2baf2cde190,253.00,Buy Tools,5,46e9056ce7e2aa0c5ec7468a,09/05/2020
a76e4ad71409aebe7cc5fbe5,986.00,Buy Food,2,e20a13aadf117a8c8dcdccf8,20/09/2020
2b1b1a3c2c91dacaf2c9de3d,370.00,Buy Others,4,6b14f3716cc91ea51e5ace95,03/01/2020
51fbeaff6e64e3caeb9ea3bb,588.00,Buy Furniture,3,eab01daf56ef839d1974a0b1,26/12/2020
0c7fd31de7f924aea0deccd8,716.00,Buy Food,2,eab01daf56ef839d1974a0b1,23/03/2020
c946bb10dc98b66e2a17c8df,68.00,Buy Furniture,3,6b14f3716cc91ea51e5ace95,06/05/2020
da93c01728ad41ce4c007e6e,884.00,Buy Travel,1,6b14f3716cc91ea51e5ace95,21/03/2020
c0fdefadbae21ab1bcdf6c77,225.00,Buy Food,2,968cc80af6f1453efc9fd0e9,24/06/2020
edfcc203cbc1a8f1b81fce83,158.00,Buy Travel,1,46e9056ce7e2aa0c5ec7468a,22/09/2020
bb3568453c609cc07e9127e0,485.00,Buy Others,4,e20a13aadf117a8c8dcdccf8,03/10/2020
23d23c8cae2ed7a5dfa8b5aa,187.00,Buy Furniture,3,dfc7eb1bd74fd7ed83fd0fea,04/10/2020
7eea04de5bbdab44f9bbfa7d,836.00,Buy Furniture,3,968cc80af6f1453efc9fd0e9,15/09/2020
4f29148dc6a9f93dcc1e1341,183.00,Buy Tools,5,6b14f3716cc91ea51e5ace95,18/06/2020
bb7ab7d5c8accd236f3ac1f7,293.00,Buy Others,4,46e9056ce7e2aa0c5ec7468a,04/03/2020
c74fc205fc78befdffdd4f11,818.00,Buy Others,4,e20a13aadf117a8c8dcdccf8,12/11/2020
bfe4e71abb857fde662fd9e5,223.00,Buy Tools,5,eeded7ed3fccdaed08e1fc9e,01/12/2020
9a55adbcba8fd5ed844baedf,61.00,Buy Others,4,7bc0bdfaff1da39e4e534cb5,11/01/2020
d2fc4a7a327a1c776b9bc85f,620.00,Buy Furniture,3,e20a13aadf117a8c8dcdccf8,30/11/2020
d1dad2ded7a6d5c11fd92e50,163.00,Buy Travel,1,eab01daf56ef839d1974a0b1,18/03/2020
9eda36abcd0abbc50ffd80da,547.00,Buy Tools,5,e20a13aadf117a8c8dcdccf8,06/04/2020
9be5afb6aeef700c31a0ae05,238.00,Buy Tools,5,bd80c7c3faaca134b9f4c7ad,30/11/2020
c804becbc4a8e9fb3ddfcaff,728.00,Buy Food,2,eeded7ed3fccdaed08e1fc9e,13/08/2020
afa2cd8d21c4ded71fad2d7c,666.00,Buy Tools,5,ada6e8c9be27ccc842a185cd,19/01/2020
dcdfd4697b8b7d4f0da1b7dd,379.00,Buy Others,4,e20a13aadf117a8c8dcdccf8,08/07/2020
ecaadd767d10f8ea516eeb7f,226.00,Buy Travel,1,ada6e8c9be27ccc842a185cd,30/01/2020
d7dbaff4bc9cfd7ac6c09342,541.00,Buy Travel,1,6b14f3716cc91ea51e5ace95,19/12/2020
719b56a16b7ce1a0a9cde2cb,683.00,Buy Tools,5,eeded7ed3fccdaed08e1fc9e,12/02/2020
ad45cafc56ca1ceba33dbfce,819.00,Buy Travel,1,dfc7eb1bd74fd7ed83fd0fea,31/03/2020
168eac612fa48ef24fc12da4,540.00,Buy Others,4,6b14f3716cc91ea51e5ace95,16/01/2020
c5dacaf816ebaf0fdabff8d1,320.00,Buy Food,2,dfc7eb1bd74fd7ed83fd0fea,21/07/2020
db2cdccadc5bf52535888040,948.00,Buy Food,2,eab01daf56ef839d1974a0b1,21/02/2020
a6df0a57508daeddb9ef5b0e,47.00,Buy Furniture,3,e20a13aadf117a8c8dcdccf8,16/03/2020
cd8aa314a9f86a6ceba594c3,142.00,Buy Tools,5,ada6e8c9be27ccc842a185cd,22/06/2020
a5e01ffeea91be2695aad463,946.00,Buy Others,4,e20a13aadf117a8c8dcdccf8,03/07/2020
edbf0b4adb8d4e3ac7fa6136,987.00,Buy Furniture,3,bd80c7c3faaca134b9f4c7ad,14/07/2020
e88bd69cc0fe5cfcf2ead736,590.00,Buy Travel,1,bd80c7c3faaca134b9f4c7ad,27/08/2020
b0ee4cc5d0ce89fbc79eed7f,536.00,Buy Others,4,ada6e8c9be27ccc842a185cd,16/07/2020
c63f91d2be9c90ea0b8ce7af,366.00,Buy Travel,1,dfc7eb1bd74fd7ed83fd0fea,10/08/2020
c9b63db0546cbcecc22e03c5,570.00,Buy Travel,1,46e9056ce7e2aa0c5ec7468a,20/09/2020
cb86b2cd2cde0f707ec6da10,179.00,Buy Travel,1,eab01daf56ef839d1974a0b1,04/07/2020
8cca9fd1ce8f811965eaac29,848.00,Buy Tools,5,eab01daf56ef839d1974a0b1,22/05/2020
eafafd39cbc6d8cb50ad4caa,331.00,Buy Food,2,bd80c7c3faaca134b9f4c7ad,13/06/2020
95d4f8a39ca9bddca6939d2d,316.00,Buy Furniture,3,dfc7eb1bd74fd7ed83fd0fea,05/09/2020
47a05c4fe1a355013f61adf1,868.00,Buy Furniture,3,46e9056ce7e2aa0c5ec7468a,08/02/2020
1be1462bafc5b9f8ebfdac53,328.00,Buy Others,4,bd80c7c3faaca134b9f4c7ad,06/06/2020
f1883ff666b9fa5d00a3aedf,405.00,Buy Furniture,3,eab01daf56ef839d1974a0b1,25/12/2020
1cfa179fdbda2e909ee9f668,722.00,Buy Food,2,dfc7eb1bd74fd7ed83fd0fea,01/05/2020
eab9ca9b8a3c8dbddaf2c361,202.00,Buy Furniture,3,e20a13aadf117a8c8dcdccf8,06/05/2020
e0e8eac307eccbff8c88abcd,934.00,Buy Tools,5,7bc0bdfaff1da39e4e534cb5,22/09/2020
5a4abb5e8facb2ecc4e250ae,264.00,Buy Others,4,eab01daf56ef839d1974a0b1,27/09/2020
fb730917cbee3ae7b84457bc,625.00,Buy Food,2,6b14f3716cc91ea51e5ace95,07/11/2020
aaaefb5bce98a8fe6b1e684f,152.00,Buy Travel,1,46e9056ce7e2aa0c5ec7468a,18/01/2020
1d14aeecce195e31ca28f7d8,52.00,Buy Tools,5,968cc80af6f1453efc9fd0e9,03/05/2020
6a929f8dca54da78671bb62d,860.00,Buy Others,4,968cc80af6f1453efc9fd0e9,01/10/2020
e0efc4b6fcba90147d3f3cf8,183.00,Buy Travel,1,dfc7eb1bd74fd7ed83fd0fea,06/09/2020
ae9fcae4ccb1dad39fbac507,365.00,Buy Tools,5,7bc0bdfaff1da39e4e534cb5,25/03/2020
bf274d9cefa5dac4ee681d92,995.00,Buy Food,2,eab01daf56ef839d1974a0b1,14/06/2020
f8cfcefde5fdff092cd22aa6,1000.00,Buy Furniture,3,eab01daf56ef839d1974a0b1,23/01/2020
7f0946c4d57071ac4fddc1f3,160.00,Buy Furniture,3,ada6e8c9be27ccc842a185cd,18/05/2020
71f006853fe5c6e2fcbe4f1f,766.00,Buy Travel,1,bd80c7c3faaca134b9f4c7ad,15/11/2020
0e3da925a1c3b3dccbdfa813,31.00,Buy Furniture,3,7bc0bdfaff1da39e4e534cb5,29/01/2020
e57b1f612386cfb5736ef56a,783.00,Buy Tools,5,7bc0bdfaff1da39e4e534cb5,24/07/2020
fb21b3fe0f3abce48f7aeb76,86.00,Buy Others,4,6b14f3716cc91ea51e5ace95,03/12/2020
e2c4cce35b86baa24629a04d,468.00,Buy Travel,1,46e9056ce7e2aa0c5ec7468a,12/04/2020
6c87aa236ddc466cc6b54b5e,181.00,Buy Tools,5,7bc0bdfaff1da39e4e534cb5,20/06/2020
5c91e7b4763804b0d2cf878a,576.00,Buy Others,4,ada6e8c9be27ccc842a185cd,20/06/2020
d8ba0af4b8ac85fddfceeadc,384.00,Buy Tools,5,7bc0bdfaff1da39e4e534cb5,01/02/2020
cbd841b69ddee67e458d4b8a,980.00,Buy Furniture,3,eab01daf56ef839d1974a0b1,12/11/2020
7dafdc6e81923ee2c7dd8bab,216.00,Buy Food,2,46e9056ce7e2aa0c5ec7468a,18/05/2020
a1f66c39da692c60b381fabf,241.00,Buy Furniture,3,dfc7eb1bd74fd7ed83fd0fea,15/02/2020
e3441ca8edf29c5bd7f305ec,264.00,Buy Tools,5,968cc80af6f1453efc9fd0e9,14/02/2020
8a260aaef75aba53fbe5f06d,91.00,Buy Food,2,eab01daf56ef839d1974a0b1,11/01/2020
dde2a792c1ab96fb81326087,466.00,Buy Others,4,e20a13aadf117a8c8dcdccf8,07/02/2020
fffb21e06ad0b62dd3fe91d1,734.00,Buy Others,4,ada6e8c9be27ccc842a185cd,15/08/2020
c5b9e30058eadde9009fcfbc,155.00,Buy Others,4,968cc80af6f1453efc9fd0e9,05/10/2020
74d5f65cce8fecb49a00c3f2,452.00,Buy Tools,5,eab01daf56ef839d1974a0b1,01/10/2020
9404bfbc3ef5eb95f20aceab,948.00,Buy Food,2,e20a13aadf117a8c8dcdccf8,11/12/2020
eb3fc99aaa0a8c5d67973c6d,336.00,Buy Furniture,3,ada6e8c9be27ccc842a185cd,02/02/2020
678f8e99b96fdcba31feaba5,833.00,Buy Food,2,ada6e8c9be27ccc842a185cd,30/07/2020
2fafab1986ecb1ac3a032b35,195.00,Buy Others,4,968cc80af6f1453efc9fd0e9,26/08/2020
f7bae136fbdf6ada2aee47cc,420.00,Buy Travel,1,e20a13aadf117a8c8dcdccf8,20/07/2020
ebbc7b0cdd7515b7150edc12,943.00,Buy Food,2,e20a13aadf117a8c8dcdccf8,17/10/2020
5a8cc5faf4e1b44bfadbbf8e,464.00,Buy Travel,1,968cc80af6f1453efc9fd0e9,30/10/2020
be5da4afbddd4fdbac8a1170,921.00,Buy Tools,5,6b14f3716cc91ea51e5ace95,02/06/2020
4cde6f676bf51aa90d449044,778.00,Buy Travel,1,dfc7eb1bd74fd7ed83fd0fea,03/03/2020
fbd3ddaee6b291f09dfffc88,72.00,Buy Others,4,6b14f3716cc91ea51e5ace95,19/07/2020
0e901c74f9eeaf7e3ef1e3bc,995.00,Buy Tools,5,e20a13aadf117a8c8dcdccf8,17/04/2020
fdc9740b20b9e6b74cfc9c31,242.00,Buy Tools,5,968cc80af6f1453efc9fd0e9,12/10/2020
bfacdbc2c5096bb078cad8e0,558.00,Buy Tools,5,bd80c7c3faaca134b9f4c7ad,22/09/2020
66a6f45db9ce3fed41e4cecc,912.00,Buy Tools,5,968cc80af6f1453efc9fd0e9,03/03/2020
af8ecdb49b30fbb4c2cc0b1f,932.00,Buy Tools,5,eab01daf56ef839d1974a0b1,09/12/2020
fee62cda2f3f0f1d21c0ef39,248.00,Buy Tools,5,bd80c7c3faaca134b9f4c7ad,08/09/2020
dbda582bfe90ac8052eb279c,392.00,Buy Travel,1,ada6e8c9be27ccc842a185cd,26/07/2020
c934cac09f14e9b3d254f84b,640.00,Buy Travel,1,ada6e8c9be27ccc842a185cd,04/10/2020
abda2ac38dd2cd1bd9ecdb8a,348.00,Buy Food,2,dfc7eb1bd74fd7ed83fd0fea,12/12/2020
ad1f7cd2cea3e6b6b06bccc2,767.00,Buy Tools,5,6b14f3716cc91ea51e5ace95,12/03/2020
1aba9cfdd75b6f9fcb85d4ce,937.00,Buy Tools,5,bd80c7c3faaca134b9f4c7ad,24/02/2020
1d45242fdbbd4472dadcb407,486.00,Buy Furniture,3,e20a13aadf117a8c8dcdccf8,20/06/2020
3ecfbd17edda5d919beb076e,357.00,Buy Travel,1,7bc0bdfaff1da39e4e534cb5,19/05/2020
97fba0cc52c6a2c14c93f31c,778.00,Buy Travel,1,e20a13aadf117a8c8dcdccf8,29/11/2020
8b7014bffbe967df2dffc7da,153.00,Buy Tools,5,eab01daf56ef839d1974a0b1,14/07/2020
0f478aa479087ee60c7b16c3,173.00,Buy Travel,1,ada6e8c9be27ccc842a185cd,19/04/2020
4c8001f2aed8fffa14d16f0c,213.00,Buy Tools,5,eab01daf56ef839d1974a0b1,30/09/2020
be3a88c2a5ff393baaf89c01,948.00,Buy Others,4,46e9056ce7e2aa0c5ec7468a,11/11/2020
7931a28ff98e5fc26e9fe4b9,874.00,Buy Food,2,ada6e8c9be27ccc842a185cd,26/12/2020
51aaef15ddcad5e109fe344b,157.00,Buy Travel,1,dfc7eb1bd74fd7ed83fd0fea,25/09/2020
92c6defaffeafaaad42a50e9,663.00,Buy Others,4,6b14f3716cc91ea51e5ace95,17/03/2020
aa8e336d0db6ffaac4ecf20e,284.00,Buy Travel,1,dfc7eb1bd74fd7ed83fd0fea,27/03/2020
dde94c6b696bbe0e07cf066b,127.00,Buy Travel,1,7bc0bdfaff1da39e4e534cb5,04/09/2020
011dfeeedef7fa0cbdda12a8,299.00,Buy Food,2,ada6e8c9be27ccc842a185cd,28/11/2020
7dbcf69675a2fdaf32826327,243.00,Buy Others,4,6b14f3716cc91ea51e5ace95,21/02/2020
7d6e6b107c9dbbfdccfe9e8e,410.00,Buy Travel,1,bd80c7c3faaca134b9f4c7ad,14/09/2020
bce93f83aa9f5bba34afa085,543.00,Buy Travel,1,bd80c7c3faaca134b9f4c7ad,15/12/2020
abc865b0b98cc4b526d78584,280.00,Buy Travel,1,e20a13aadf117a8c8dcdccf8,17/12/2020
bda60a326ad822df97cd75f2,678.00,Buy Tools,5,eeded7ed3fccdaed08e1fc9e,09/02/2020
2ed9f2e47470aa6b1dfce856,593.00,Buy Tools,5,eeded7ed3fccdaed08e1fc9e,08/11/2020
cca97c8fcbac97663b327bcc,590.00,Buy Travel,1,ada6e8c9be27ccc842a185cd,19/05/2020
c4a9aadd4adc5eeaeebaf2ed,118.00,Buy Others,4,ada6e8c9be27ccc842a185cd,21/04/2020
d5efb093fb80c2ff4ef6c49f,475.00,Buy Tools,5,968cc80af6f1453efc9fd0e9,30/04/2020
bfa092c70fc54c18cfccea12,685.00,Buy Furniture,3,968cc80af6f1453efc9fd0e9,21/06/2020
a1e0402f03edfbb1dfddedd8,156.00,Buy Furniture,3,968cc80af6f1453efc9fd0e9,20/09/2020
fed48efb617a4fc2ec4fe5ea,207.00,Buy Tools,5,ada6e8c9be27ccc842a185cd,25/11/2020
5c760fa821ea7cbc5128aebb,685.00,Buy Travel,1,7bc0bdfaff1da39e4e534cb5,02/02/2020
ce7fee66baf9bbfbee8916c1,994.00,Buy Food,2,7bc0bdfaff1da39e4e534cb5,06/07/2020
a665b21b17bf31f527cd02b7,813.00,Buy Travel,1,968cc80af6f1453efc9fd0e9,20/02/2020
3ec1bff7eb11fd3cffbbbb07,701.00,Buy Travel,1,968cc80af6f1453efc9fd0e9,07/06/2020
faebb6312d97b69cc97b5a24,90.00,Buy Tools,5,968cc80af6f1453efc9fd0e9,17/05/2020
e90c4bb2eb96eaafdadba1cf,655.00,Buy Others,4,eeded7ed3fccdaed08e1fc9e,24/02/2020
aee94e5113479e6bc2a2aaa0,999.00,Buy Others,4,6b14f3716cc91ea51e5ace95,26/11/2020
7e9d165ec66bff65ba07bdb3,5.00,Buy Furniture,3,968cc80af6f1453efc9fd0e9,07/11/2020
bafe0d95aaeaeed0c9d0314b,179.00,Buy Furniture,3,eeded7ed3fccdaed08e1fc9e,12/06/2020
ca4abd1169c83a649de899d0,107.00,Buy Tools,5,46e9056ce7e2aa0c5ec7468a,10/08/2020
ddf4f01bd9482edffaa6d87e,601.00,Buy Travel,1,ada6e8c9be27ccc842a185cd,29/03/2020
c1cede6cbd0d5f3c6eb3db26,27.00,Buy Travel,1,7bc0bdfaff1da39e4e534cb5,04/10/2020
b5da7c830a37bcbfcaf8a4a5,661.00,Buy Tools,5,eeded7ed3fccdaed08e1fc9e,07/01/2020
581a4792ddcdbd3d4c518033,892.00,Buy Travel,1,7bc0bdfaff1da39e4e534cb5,26/04/2020
cbce2e8ddb789af721a9efb7,436.00,Buy Tools,5,7bc0bdfaff1da39e4e534cb5,14/12/2020
4711e4c1f50adecacaf88beb,107.00,Buy Food,2,46e9056ce7e2aa0c5ec7468a,16/06/2020
c6f3acab4becafca5700a6e8,172.00,Buy Furniture,3,e20a13aadf117a8c8dcdccf8,19/11/2020
b53d0e9eae3dfafdfb0ecdc1,302.00,Buy Travel,1,e20a13aadf117a8c8dcdccf8,04/01/2020
bd1629be5dd9acad191fcfcb,316.00,Buy Others,4,ada6e8c9be27ccc842a185cd,15/03/2020
62a5e7bdeb1cde297e29aced,757.00,Buy Travel,1,bd80c7c3faaca134b9f4c7ad,24/06/2020
72a06b46a0d9ecc377c02f7a,714.00,Buy Food,2,46e9056ce7e2aa0c5ec7468a,07/04/2020
0fcbbdb304b46b15721a1c66,750.00,Buy Travel,1,ada6e8c9be27ccc842a185cd,26/03/2020
0cadebfca02c2cfbe98e8fbe,85.00,Buy Food,2,6b14f3716cc91ea51e5ace95,27/05/2020
0cfcbb5ff8eacffe3e09aed3,966.00,Buy Others,4,968cc80af6f1453efc9fd0e9,26/08/2020
e516c4e14accae06b2637a11,692.00,Buy Travel,1,dfc7eb1bd74fd7ed83fd0fea,22/05/2020
cbdf578bfd6dddea3dc94634,118.00,Buy Food,2,46e9056ce7e2aa0c5ec7468a,30/09/2020
f9036f05a5eaa4d1eddd8dff,875.00,Buy Travel,1,dfc7eb1bd74fd7ed83fd0fea,27/09/2020
6a530e91dcbac3cbdd0bdf74,645.00,Buy Others,4,46e9056ce7e2aa0c5ec7468a,07/03/2020
cc93fedebffb83752ad3ed7e,379.00,Buy Travel,1,6b14f3716cc91ea51e5ace95,18/06/2020
a7a50a2e3844ae732fec6afc,382.00,Buy Others,4,6b14f3716cc91ea51e5ace95,26/04/2020
b4a430ecaefb23a4c0ccd3d1,473.00,Buy Travel,1,bd80c7c3faaca134b9f4c7ad,20/07/2020
dcbdbeaccedbe56dc1da9b83,727.00,Buy Food,2,dfc7eb1bd74fd7ed83fd0fea,05/11/2020
570a21ce6cd2491a2a4c705d,774.00,Buy Tools,5,ada6e8c9be27ccc842a185cd,29/08/2020
9df86b9efa20c70b58eea442,580.00,Buy Furniture,3,bd80c7c3faaca134b9f4c7ad,15/09/2020
81caffd02f7fd9ffabf65ebc,54.00,Buy Tools,5,ada6e8c9be27ccc842a185cd,19/03/2020
d3dc64e8ebdeea93dcc11d34,104.00,Buy Travel,1,46e9056ce7e2aa0c5ec7468a,18/08/2020
eeccdc3e883affb85a9687f7,332.00,Buy Food,2,ada6e8c9be27ccc842a185cd,27/07/2020
a1e18aac2a1bfe29ed1a6d3b,100.00,Buy Furniture,3,dfc7eb1bd74fd7ed83fd0fea,21/01/2020
b2b69c27df41099be5cfcbeb,699.00,Buy Travel,1,6b14f3716cc91ea51e5ace95,15/06/2020
6ddac1a8bed33dbadb27bcf8,394.00,Buy Food,2,eab01daf56ef839d1974a0b1,13/01/2020
d4dce94b3dc1eb57e5caccd6,652.00,Buy Travel,1,7bc0bdfaff1da39e4e534cb5,25/01/2020
ddce4aac9debb8bd7c4b6aa0,302.00,Buy Food,2,e20a13aadf117a8c8dcdccf8,01/06/2020
fa9fb14ba38bba6c8fed99e3,805.00,Buy Tools,5,eeded7ed3fccdaed08e1fc9e,21/08/2020
c4edf90d4e2b030b7bfce4c7,638.00,Buy Travel,1,dfc7eb1bd74fd7ed83fd0fea,20/12/2020
164b6d27174aac78591f5be9,258.00,Buy Others,4,dfc7eb1bd74fd7ed83fd0fea,28/06/2020
a70f7bfb91d45bffe87619e9,942.00,Buy Travel,1,7bc0bdfaff1da39e4e534cb5,12/12/2020
1ba6e32bb9877f508deaedde,461.00,Buy Furniture,3,eeded7ed3fccdaed08e1fc9e,08/09/2020
47dfafaae07ebe026b9badec,412.00,Buy Others,4,e20a13aadf117a8c8dcdccf8,18/03/2020
ab2b072cada9b634caf6d93e,246.00,Buy Travel,1,46e9056ce7e2aa0c5ec7468a,07/02/2020
4bbe30bbe3e83ba34aadaff4,289.00,Buy Others,4,6b14f3716cc91ea51e5ace95,18/02/2020
cc02dd42cee73de94e31446f,441.00,Buy Travel,1,6b14f3716cc91ea51e5ace95,14/08/2020
5b3c8e1a1bf2ea1d7a3394b1,569.00,Buy Travel,1,6b14f3716cc91ea51e5ace95,05/01/2020
ddeba0ff4dfacbff8a2fdb19,870.00,Buy Food,2,ada6e8c9be27ccc842a185cd,22/04/2020
0539cd2bb584e1e910be6dfd,993.00,Buy Food,2,eeded7ed3fccdaed08e1fc9e,06/07/2020
8d1cb5fd0da5f2a3ffc04395,991.00,Buy Furniture,3,46e9056ce7e2aa0c5ec7468a,13/02/2020
e218cbe438dac10fd60eabbb,433.00,Buy Tools,5,968cc80af6f1453efc9fd0e9,27/05/2020
6ab4b2dd6e6165c498c0ec7f,355.00,Buy Food,2,dfc7eb1bd74fd7ed83fd0fea,01/11/2020
ece2809bedc237fe6c6d4ec8,163.00,Buy Tools,5,eab01daf56ef839d1974a0b1,15/07/2020
1624ae15eafb28c3ddfaa172,774.00,Buy Others,4,ada6e8c9be27ccc842a185cd,04/06/2020
8d7d3bce17e0afc2fbd5d8d9,944.00,Buy Travel,1,dfc7eb1bd74fd7ed83fd0fea,16/04/2020
d85f8beb6b900c7b2e42b519,1000.00,Buy Travel,1,dfc7eb1bd74fd7ed83fd0fea,14/12/2020
cedec05deaf47c99cb0b729c,380.00,Buy Others,4,ada6e8c9be27ccc842a185cd,03/06/2020
83cbbd7b0cfaca4bd646f8fc,474.00,Buy Others,4,968cc80af6f1453efc9fd0e9,30/10/2020
2af72b0f4aab14ac2c6ab2bc,927.00,Buy Tools,5,6b14f3716cc91ea51e5ace95,03/03/2020
aa9e8a94f18fbce14fe6eee1,745.00,Buy Others,4,dfc7eb1bd74fd7ed83fd0fea,17/08/2020
bb00c8e0d99b51c74e816e86,657.00,Buy Others,4,46e9056ce7e2aa0c5ec7468a,21/03/2020
b0d95eadfb90ebf4d843ff9c,56.00,Buy Food,2,dfc7eb1bd74fd7ed83fd0fea,15/03/2020
cad940bfeecff8cf84feadb9,105.00,Buy Furniture,3,eab01daf56ef839d1974a0b1,21/04/2020
d9efb91bcdeefe9aac93ffde,574.00,Buy Travel,1,eab01daf56ef839d1974a0b1,20/12/2020
2cdcccfaa1c85c9d97dde11b,438.00,Buy Tools,5,dfc7eb1bd74fd7ed83fd0fea,30/04/2020
caf32f7fd0ead97e2a1c6aba,732.00,Buy Furniture,3,eab01daf56ef839d1974a0b1,05/11/2020
af48fbedfadfb0de0cc86856,320.00,Buy Travel,1,bd80c7c3faaca134b9f4c7ad,16/07/2020
530cdbc04253eba5b15d29a1,909.00,Buy Furniture,3,46e9056ce7e2aa0c5ec7468a,14/09/2020
f0a7fbed23dc4f95b69a5a8c,765.00,Buy Others,4,6b14f3716cc91ea51e5ace95,31/05/2020
2dc0ffeac85e4acdf8fce7df,446.00,Buy Travel,1,bd80c7c3faaca134b9f4c7ad,02/07/2020
c3a2aafb3dbdbaf318fed6fb,140.00,Buy Food,2,e20a13aadf117a8c8dcdccf8,24/03/2020
a0a83a641eced55cb3e8ab9c,896.00,Buy Tools,5,bd80c7c3faaca134b9f4c7ad,25/04/2020
1bee29e777be7b8ca0dbf359,763.00,Buy Travel,1,eeded7ed3fccdaed08e1fc9e,17/09/2020
51a1b637bcb9a5a2d6bca455,586.00,Buy Furniture,3,968cc80af6f1453efc9fd0e9,29/01/2020
acecee2f4baf23ae52f3f8c6,466.00,Buy Tools,5,e20a13aadf117a8c8dcdccf8,09/02/2020
f9a3bfa7fbaef39c5d4c2fac,871.00,Buy Others,4,bd80c7c3faaca134b9f4c7ad,04/01/2020
f729accd04fa2bca0afe3ad6,362.00,Buy Travel,1,ada6e8c9be27ccc842a185cd,04/08/2020
fdce9facbf31ec1bb4bd0b1a,29.00,Buy Travel,1,46e9056ce7e2aa0c5ec7468a,23/04/2020
c4e3d4ed9a9d98aabe0adaf7,82.00,Buy Travel,1,bd80c7c3faaca134b9f4c7ad,13/04/2020
dcaa73a96edcfacada85ceb1,369.00,Buy Travel,1,6b14f3716cc91ea51e5ace95,17/04/2020
5c6b5fde841fab5150fa2aec,438.00,Buy Travel,1,968cc80af6f1453efc9fd0e9,22/03/2020
aae5e1d5afaaf3cdca3e0bb7,271.00,Buy Tools,5,e20a13aadf117a8c8dcdccf8,16/08/2020
d9dd9eecd0baff6f0feecef3,859.00,Buy Food,2,bd80c7c3faaca134b9f4c7ad,31/03/2020
feeb92b6c5d16ecee8bff52a,69.00,Buy Others,4,7bc0bdfaff1da39e4e534cb5,18/05/2020
5b1853ba2d6cd6fcc0a8a3dd,886.00,Buy Tools,5,eeded7ed3fccdaed08e1fc9e,05/10/2020
ba8a3ce6dc52baef2a3d87a8,946.00,Buy Food,2,ada6e8c9be27ccc842a185cd,28/08/2020
3d3d5b53a55c8affbbac1bd4,900.00,Buy Travel,1,dfc7eb1bd74fd7ed83fd0fea,22/03/2020
d3876a4bc9cae032979f948f,101.00,Buy Tools,5,e20a13aadf117a8c8dcdccf8,14/05/2020
dafbd4fd39bb31dd7ef32e10,299.00,Buy Tools,5,dfc7eb1bd74fd7ed83fd0fea,19/01/2020
479fcc1f2ccd92eb190ffffd,917.00,Buy Food,2,eeded7ed3fccdaed08e1fc9e,12/03/2020
bb563fd2fff5cd47bcabc999,246.00,Buy Others,4,ada6e8c9be27ccc842a185cd,15/07/2020
1922ad0a8dafde044d9aa8e4,611.00,Buy Food,2,6b14f3716cc91ea51e5ace95,06/08/2020
ea78d396be818cfa9c80fc9c,462.00,Buy Furniture,3,eab01daf56ef839d1974a0b1,21/10/2020
5aa0543efde3b68c0bfa89da,272.00,Buy Furniture,3,6b14f3716cc91ea51e5ace95,04/05/2020
d744ac23d5bdc9dece8e4edf,633.00,Buy Others,4,ada6e8c9be27ccc842a185cd,24/09/2020
cadcfdaee20fc27bf9f61b9c,730.00,Buy Travel,1,46e9056ce7e2aa0c5ec7468a,04/05/2020
27bac3b25475d7f20c1aa8a0,134.00,Buy Others,4,bd80c7c3faaca134b9f4c7ad,14/10/2020
c5fefeeeb0e00ccbec82bd7f,395.00,Buy Travel,1,eeded7ed3fccdaed08e1fc9e,18/10/2020
09eabcbd8c3f188dee3291d8,983.00,Buy Furniture,3,ada6e8c9be27ccc842a185cd,21/04/2020
ca7ec7aba86cb9c65e8e6f1e,999.00,Buy Food,2,46e9056ce7e2aa0c5ec7468a,24/01/2020
b4bfbedcfc30f68ffade4992,878.00,Buy Tools,5,dfc7eb1bd74fd7ed83fd0fea,29/01/2020
40c5d5d7df10ba1e4bc489cb,561.00,Buy Travel,1,e20a13aadf117a8c8dcdccf8,24/11/2020
bf352ce3ab808cd5fef8eaaf,489.00,Buy Furniture,3,bd80c7c3faaca134b9f4c7ad,06/01/2020
379beddde32ad51ca22c81b8,428.00,Buy Furniture,3,6b14f3716cc91ea51e5ace95,21/07/2020
e75cf726fbed5fca7a1a7c61,490.00,Buy Tools,5,46e9056ce7e2aa0c5ec7468a,18/11/2020
5a9d07c6de8ccadf24b0e96a,717.00,Buy Tools,5,ada6e8c9be27ccc842a185cd,20/10/2020
ee0bfadead53e1d4ea729fb9,413.00,Buy Others,4,ada6e8c9be27ccc842a185cd,26/12/2020
cfb2d23cbf20bec4e75df482,666.00,Buy Food,2,eab01daf56ef839d1974a0b1,10/12/2020
ca5ba2fd330ce7f419f71bd7,659.00,Buy Others,4,eab01daf56ef839d1974a0b1,11/10/2020
d2ecafbfadfdccbe8cff0a1b,325.00,Buy Others,4,7bc0bdfaff1da39e4e534cb5,01/07/2020
83e02a60f39ebddafc63f0eb,720.00,Buy Food,2,7bc0bdfaff1da39e4e534cb5,21/05/2020
4d1deb971cfee1ab69925fdf,762.00,Buy Travel,1,968cc80af6f1453efc9fd0e9,02/08/2020
9da2f6aecb229cd289cd058c,851.00,Buy Travel,1,dfc7eb1bd74fd7ed83fd0fea,15/09/2020
ac4e8db68f217c161ffbeacb,51.00,Buy Food,2,46e9056ce7e2aa0c5ec7468a,03/11/2020
e13af35f4447a2422fbbad1f,254.00,Buy Others,4,dfc7eb1bd74fd7ed83fd0fea,09/02/2020
78f9b01ff2ab89cefbc4f6c3,422.00,Buy Tools,5,eab01daf56ef839d1974a0b1,23/09/2020
bbfdfb5b8a6fde5c4df4ffe5,749.00,Buy Tools,5,7bc0bdfaff1da39e4e534cb5,31/08/2020
59630cd8efbfa3f95edcef9f,204.00,Buy Furniture,3,eab01daf56ef839d1974a0b1,29/02/2020
c705bdac8fb829583ea4d3b3,119.00,Buy Others,4,ada6e8c9be27ccc842a185cd,12/09/2020
a22d43a0b8bd05cfa7adadfe,707.00,Buy Travel,1,46e9056ce7e2aa0c5ec7468a,04/08/2020
f2494ce0ecb4d4ae9eed19a0,826.00,Buy Others,4,ada6e8c9be27ccc842a185cd,06/09/2020
ef74ed586b408abf92ceda9f,54.00,Buy Furniture,3,eab01daf56ef839d1974a0b1,28/03/2020
230a70c1decbf8c4bf411c71,70.00,Buy Travel,1,eab01daf56ef839d1974a0b1,19/06/2020
a54a4863daafe79af3c2e0eb,557.00,Buy Others,4,7bc0bdfaff1da39e4e534cb5,14/04/2020
ec217ce2aef1c06105a9514e,503.00,Buy Travel,1,e20a13aadf117a8c8dcdccf8,12/03/2020
791cc6497f4b2b4ddcc10ca9,554.00,Buy Furniture,3,eab01daf56ef839d1974a0b1,07/06/2020
c35b7f2c2be5c655abdc2d2e,50.00,Buy Travel,1,eab01daf56ef839d1974a0b1,22/01/2020
fea2fdc2cefbb9df7a64be8e,68.00,Buy Travel,1,46e9056ce7e2aa0c5ec7468a,10/07/2020
449ac7f1fe9e185668ae0bca,697.00,Buy Food,2,e20a13aadf117a8c8dcdccf8,24/03/2020
b8a4f63cde3ca651724dbbc9,594.00,Buy Furniture,3,eeded7ed3fccdaed08e1fc9e,12/08/2020
cbc7f7959f1ccce7acce2449,313.00,Buy Tools,5,eab01daf56ef839d1974a0b1,01/03/2020
66ec0b4f4d3080dcc5b6eadc,179.00,Buy Food,2,7bc0bdfaff1da39e4e534cb5,15/06/2020
65bf2d5ba639cb8b9edab73d,599.00,Buy Food,2,7bc0bdfaff1da39e4e534cb5,14/10/2020
73748faaf5c6d74906fe139c,965.00,Buy Food,2,ada6e8c9be27ccc842a185cd,09/04/2020
feacb802b2faa63dd22aefbd,678.00,Buy Tools,5,ada6e8c9be27ccc842a185cd,18/12/2020
3db3ffdcac5bcb06d38c14fd,487.00,Buy Food,2,dfc7eb1bd74fd7ed83fd0fea,14/06/2020
ce45c4b7ad3376ebe2c92bd1,916.00,Buy Furniture,3,bd80c7c3faaca134b9f4c7ad,27/01/2020
4fcc315e7615204f5a7b3d5c,654.00,Buy Food,2,ada6e8c9be27ccc842a185cd,07/11/2020
846a55eaaefa1a42cc27ecba,934.00,Buy Food,2,46e9056ce7e2aa0c5ec7468a,07/05/2020
ac4b68aaffac417e3d59f03e,600.00,Buy Others,4,968cc80af6f1453efc9fd0e9,27/12/2020
decd7a0ae200c56f73154ab8,599.00,Buy Furniture,3,ada6e8c9be27ccc842a185cd,26/11/2020
9daeb6aed8bbfc3532c6f7fe,563.00,Buy Tools,5,eeded7ed3fccdaed08e1fc9e,03/10/2020
f03d9f9b0c9cbffe5a29bd86,405.00,Buy Others,4,ada6e8c9be27ccc842a185cd,25/09/2020
fce4a1f144ef513ef7b95b87,343.00,Buy Others,4,ada6e8c9be27ccc842a185cd,21/08/2020
f9bfd73fdfa0e8a5724bbd32,97.00,Buy Furniture,3,7bc0bdfaff1da39e4e534cb5,30/04/2020
bae5fb703dafadff99fccf4a,545.00,Buy Food,2,6b14f3716cc91ea51e5ace95,23/12/2020
aa5d3bcce97dbec2effc36c7,70.00,Buy Tools,5,46e9056ce7e2aa0c5ec7468a,24/01/2020
ec5ba24ef5ccddf450328cae,149.00,Buy Tools,5,46e9056ce7e2aa0c5ec7468a,21/01/2020
f6d8acd63cbad8d1b55b84a1,201.00,Buy Others,4,6b14f3716cc91ea51e5ace95,12/08/2020
7ba2d0c0a39fd4ce97a4db0b,803.00,Buy Travel,1,ada6e8c9be27ccc842a185cd,27/07/2020
f8a3b9e11b50631f80ed32f6,588.00,Buy Tools,5,7bc0bdfaff1da39e4e534cb5,16/05/2020
2d831e7acfe2f129a60a3a31,723.00,Buy Food,2,ada6e8c9be27ccc842a185cd,04/02/2020
895db8c5ffd05392d4306caf,474.00,Buy Food,2,eeded7ed3fccdaed08e1fc9e,31/07/2020
ebacf8b7bcde8baedbaec96b,130.00,Buy Tools,5,968cc80af6f1453efc9fd0e9,22/06/2020
5f5fdb2192b3619c25e7c654,788.00,Buy Travel,1,dfc7eb1bd74fd7ed83fd0fea,20/08/2020
aae5c4f1d3fad08dbc5c0fdf,389.00,Buy Furniture,3,6b14f3716cc91ea51e5ace95,15/03/2020
df95d0d3fdcd23e2b950d94d,27.00,Buy Travel,1,dfc7eb1bd74fd7ed83fd0fea,26/02/2020
72c605d4050b2eed47f64a4c,886.00,Buy Others,4,ada6e8c9be27ccc842a185cd,05/04/2020
9ee6e93cb7de2ba6fb2b86a4,522.00,Buy Others,4,46e9056ce7e2aa0c5ec7468a,17/02/2020
edce9901b6aaadd66f54c4aa,67.00,Buy Travel,1,6b14f3716cc91ea51e5ace95,30/09/2020
6d3f017e0e7ad56b6cdbca91,888.00,Buy Others,4,dfc7eb1bd74fd7ed83fd0fea,16/03/2020
17a9de464b7c18ae7eecd51c,789.00,Buy Food,2,ada6e8c9be27ccc842a185cd,16/11/2020
abba503fb5b3e873cffab4d4,16.00,Buy Furniture,3,46e9056ce7e2aa0c5ec7468a,05/02/2020
e4df81bbf9ec6404ac75e3ad,588.00,Buy Travel,1,bd80c7c3faaca134b9f4c7ad,16/03/2020
cded335a34addedb24b8d361,940.00,Buy Furniture,3,6b14f3716cc91ea51e5ace95,26/11/2020
48634095dfbe52fe4ebaba99,440.00,Buy Tools,5,6b14f3716cc91ea51e5ace95,01/03/2020
f7d2ae21953bdeaf4ccf5ce4,694.00,Buy Others,4,7bc0bdfaff1da39e4e534cb5,15/06/2020
4dbdeb0b33d0269cccb75868,619.00,Buy Others,4,6b14f3716cc91ea51e5ace95,10/05/2020
f1ebffc218fb784bfcf6ad7d,927.00,Buy Food,2,ada6e8c9be27ccc842a185cd,15/10/2020
7720e61db1ab1eafb5e52fff,590.00,Buy Others,4,dfc7eb1bd74fd7ed83fd0fea,30/04/2020
b765e159e2bda5b9abeeed76,652.00,Buy Furniture,3,eeded7ed3fccdaed08e1fc9e,15/05/2020
1eb99d9ec9f5da78bf4bdc5a,591.00,Buy Food,2,bd80c7c3faaca134b9f4c7ad,15/12/2020
d8f9a1c27fc1fbdf0916a0fb,332.00,Buy Furniture,3,46e9056ce7e2aa0c5ec7468a,12/02/2020
ac484cee67eef056da9dbf92,157.00,Buy Travel,1,968cc80af6f1453efc9fd0e9,02/09/2020
71968c245f4bebcdaad18aca,818.00,Buy Tools,5,ada6e8c9be27ccc842a185cd,14/07/2020
3221d4ab749bab17b0eb0ac1,772.00,Buy Others,4,ada6e8c9be27ccc842a185cd,16/08/2020
b5d21c76a54c1d5a90a79aeb,35.00,Buy Others,4,ada6e8c9be27ccc842a185cd,04/07/2020
276ab6bceca73ad6ebdc0f4a,877.00,Buy Others,4,6b14f3716cc91ea51e5ace95,07/11/2020
1f6c3fe368b286c5cec0c3dd,285.00,Buy Others,4,eeded7ed3fccdaed08e1fc9e,03/04/2020
8220a4ca3a1b070abfe4d1cb,466.00,Buy Others,4,dfc7eb1bd74fd7ed83fd0fea,28/03/2020
e0edee1df5fdfbebe3fb73e3,586.00,Buy Furniture,3,eab01daf56ef839d1974a0b1,07/08/2020
522f2c3aaeae6cdc5b325bad,996.00,Buy Furniture,3,46e9056ce7e2aa0c5ec7468a,02/10/2020
58d3c1fdc4bc0dacbf4dae80,256.00,Buy Travel,1,e20a13aadf117a8c8dcdccf8,18/01/2020
ecb38879dcfcfb30af7ca96f,748.00,Buy Food,2,eeded7ed3fccdaed08e1fc9e,26/03/2020
b821d0722260accc3393ad04,122.00,Buy Food,2,eab01daf56ef839d1974a0b1,09/07/2020
edd964902f0dad44ad479e00,45.00,Buy Travel,1,eab01daf56ef839d1974a0b1,06/09/2020
d77e5bfd48ba1cb4fca7b0d2,72.00,Buy Tools,5,e20a13aadf117a8c8dcdccf8,20/09/2020
a60badcc08f3dd21d0f06baf,247.00,Buy Travel,1,dfc7eb1bd74fd7ed83fd0fea,21/04/2020
df1edbddc0effdb7c6a2f17a,687.00,Buy Food,2,eab01daf56ef839d1974a0b1,12/07/2020
3c75acdd8da200aa5a8be5a4,218.00,Buy Furniture,3,7bc0bdfaff1da39e4e534cb5,11/08/2020
4ef765cf7cbc15d47afb2cdd,586.00,Buy Travel,1,dfc7eb1bd74fd7ed83fd0fea,06/12/2020
61fdce40a6dde1e7e71d7e04,242.00,Buy Tools,5,eeded7ed3fccdaed08e1fc9e,19/07/2020
22d1aaf780bc6deebcb79ad0,443.00,Buy Tools,5,eeded7ed3fccdaed08e1fc9e,06/02/2020
baf79da26767f17524cb78fa,618.00,Buy Travel,1,bd80c7c3faaca134b9f4c7ad,17/04/2020
f4e336bca4a7d3d0e6adcc2e,634.00,Buy Furniture,3,bd80c7c3faaca134b9f4c7ad,03/06/2020
a94e9eccdc8435b986cfe7c5,99.00,Buy Others,4,6b14f3716cc91ea51e5ace95,05/05/2020
c68ad28ba672305ac1eacebf,696.00,Buy Travel,1,e20a13aadf117a8c8dcdccf8,14/07/2020
85acdccea15cd3b6e6bc22a3,855.00,Buy Others,4,ada6e8c9be27ccc842a185cd,03/06/2020
a3cfa9afeabe83f7dd248b57,326.00,Buy Food,2,6b14f3716cc91ea51e5ace95,14/09/2020
dd0d84efb1416957ae31eed0,87.00,Buy Tools,5,968cc80af6f1453efc9fd0e9,09/02/2020
72cdd781eff369b68fbfbedd,10.00,Buy Travel,1,eeded7ed3fccdaed08e1fc9e,09/04/2020
bb1083bd1c1ecea19fc9dceb,444.00,Buy Furniture,3,bd80c7c3faaca134b9f4c7ad,21/12/2020
d1fd727eb2fbdc52fec6717b,840.00,Buy Furniture,3,e20a13aadf117a8c8dcdccf8,25/05/2020
8885cbff5c2f16df0643dcea,657.00,Buy Travel,1,ada6e8c9be27ccc842a185cd,08/07/2020
887e741db54cbf8d4ca035af,720.00,Buy Others,4,bd80c7c3faaca134b9f4c7ad,09/03/2020
b3a1d8d46303aed44b1ae8ab,272.00,Buy Travel,1,46e9056ce7e2aa0c5ec7468a,07/03/2020
ea28a0a3dbcf31f3159d0fec,812.00,Buy Tools,5,eeded7ed3fccdaed08e1fc9e,09/12/2020
afbbb0faff0e7586c80e5b6f,267.00,Buy Tools,5,dfc7eb1bd74fd7ed83fd0fea,04/03/2020
dc2b0a32a5ec9cc4764c7e06,892.00,Buy Others,4,dfc7eb1bd74fd7ed83fd0fea,02/12/2020
443db6f0432dbdb0ece45bf0,138.00,Buy Furniture,3,7bc0bdfaff1da39e4e534cb5,28/07/2020
a0a3e0ae5d9bff4dcccdab9b,769.00,Buy Others,4,ada6e8c9be27ccc842a185cd,22/02/2020
eceedfaaabaf7ea10f97a5a2,433.00,Buy Tools,5,e20a13aadf117a8c8dcdccf8,08/08/2020
db78fa95ef6c290b086fcbaa,302.00,Buy Tools,5,6b14f3716cc91ea51e5ace95,08/05/2020
7eef2debacabb4cfbd0f4fd5,698.00,Buy Tools,5,e20a13aadf117a8c8dcdccf8,17/06/2020
da45d76ae36c0f3e2cfa32cf,36.00,Buy Food,2,ada6e8c9be27ccc842a185cd,17/09/2020
df2debaed7ccb92fc9c7b7a8,255.00,Buy Others,4,6b14f3716cc91ea51e5ace95,19/06/2020
fddfc5d83ab9a66fee4d4dc4,708.00,Buy Others,4,e20a13aadf117a8c8dcdccf8,30/04/2020
2dfab1c16d135b9c8489c84b,387.00,Buy Furniture,3,ada6e8c9be27ccc842a185cd,11/03/2020
d6d344bff9865ead1a0aef7f,831.00,Buy Furniture,3,e20a13aadf117a8c8dcdccf8,02/07/2020
0f84d0afcaf8a403d89bacbc,68.00,Buy Others,4,eeded7ed3fccdaed08e1fc9e,23/06/2020
3ecb276a0a9cae97e5f130ab,489.00,Buy Furniture,3,ada6e8c9be27ccc842a185cd,24/02/2020
acf21bf2d6f71bfffcafaafe,432.00,Buy Food,2,7bc0bdfaff1da39e4e534cb5,30/08/2020
6fcb8ca02ecefaa7230dc006,292.00,Buy Travel,1,46e9056ce7e2aa0c5ec7468a,20/05/2020
f0abf9bbe13abce6be57e32f,848.00,Buy Tools,5,e20a13aadf117a8c8dcdccf8,04/06/2020
31b5fecdeefea2108b93e892,649.00,Buy Furniture,3,ada6e8c9be27ccc842a185cd,30/10/2020
e66d0e80b2d2af3d97e6b3dd,47.00,Buy Travel,1,e20a13aadf117a8c8dcdccf8,07/12/2020
9d13dc4ae0b3aafd9b1e7cdc,996.00,Buy Others,4,dfc7eb1bd74fd7ed83fd0fea,27/10/2020
cdbaeeb36f145f5eac3a6fd7,254.00,Buy Others,4,7bc0bdfaff1da39e4e534cb5,14/05/2020
25d85f803e729c599780e1ba,673.00,Buy Tools,5,e20a13aadf117a8c8dcdccf8,04/10/2020
fabaeebd5cbb0cf5d95761ef,250.00,Buy Furniture,3,e20a13aadf117a8c8dcdccf8,25/03/2020
c44e3a26c65033daca63eeec,17.00,Buy Tools,5,e20a13aadf117a8c8dcdccf8,19/04/2020
9ee4a5415dbbf377e864eded,469.00,Buy Furniture,3,dfc7eb1bd74fd7ed83fd0fea,16/01/2020
fe1195959cbcecc2a6ac5b1d,901.00,Buy Tools,5,7bc0bdfaff1da39e4e534cb5,27/06/2020
54a1f45bed55f6cefd029f05,321.00,Buy Furniture,3,eeded7ed3fccdaed08e1fc9e,02/03/2020
da64fb7ead7dd68c205b7e27,166.00,Buy Furniture,3,e20a13aadf117a8c8dcdccf8,28/03/2020
ffbc0f6bdfd27ebcd6d646d0,833.00,Buy Tools,5,46e9056ce7e2aa0c5ec7468a,05/12/2020
eec93af4058ade749c18aa6e,707.00,Buy Food,2,7bc0bdfaff1da39e4e534cb5,22/12/2020
cdac7e1a66b44b0b009d361b,270.00,Buy Food,2,bd80c7c3faaca134b9f4c7ad,26/09/2020
fb2eee7af38a156ce6cbd005,294.00,Buy Tools,5,dfc7eb1bd74fd7ed83fd0fea,27/10/2020
6c5a94f1339d03fdb6c2c5f1,440.00,Buy Furniture,3,46e9056ce7e2aa0c5ec7468a,20/10/2020
28aae94664eb69fcd93aa9a5,409.00,Buy Food,2,e20a13aadf117a8c8dcdccf8,15/11/2020
a7cc7cf4bedc03a7c9bdc8da,668.00,Buy Furniture,3,e20a13aadf117a8c8dcdccf8,23/07/2020
b5366dd02bbeb0cb1dee7ac9,723.00,Buy Furniture,3,6b14f3716cc91ea51e5ace95,23/11/2020
ee536a1befaff0605d6eabfe,422.00,Buy Food,2,eab01daf56ef839d1974a0b1,13/01/2020
418ceabaf87a45bbea6a9dbb,389.00,Buy Others,4,eeded7ed3fccdaed08e1fc9e,27/12/2020
ac8337be3e52a2a55bd0e19c,512.00,Buy Food,2,6b14f3716cc91ea51e5ace95,21/04/2020
feebdf5bb4d2bae8b99e77cb,524.00,Buy Travel,1,eab01daf56ef839d1974a0b1,28/01/2020
9593fc4cb4da982f6635abcd,836.00,Buy Tools,5,968cc80af6f1453efc9fd0e9,08/04/2020
c9b4f91c3baaae44b9bfb3aa,855.00,Buy Furniture,3,968cc80af6f1453efc9fd0e9,30/09/2020
1ccb262973ff44667d18e471,429.00,Buy Travel,1,46e9056ce7e2aa0c5ec7468a,25/02/2020
1bebba02e9c94d6a31b6bbfb,866.00,Buy Furniture,3,bd80c7c3faaca134b9f4c7ad,17/11/2020
a6b9f7a5550065df06a04b8b,234.00,Buy Others,4,ada6e8c9be27ccc842a185cd,23/07/2020
f4de34a8e62cb1ac335466b7,101.00,Buy Others,4,6b14f3716cc91ea51e5ace95,10/03/2020
1d8cddeb80b0da96cf048fed,824.00,Buy Furniture,3,eeded7ed3fccdaed08e1fc9e,13/05/2020
a31e0a8edd193b6fec84123f,420.00,Buy Others,4,7bc0bdfaff1da39e4e534cb5,27/01/2020
8b55ea8aca2ea0f27b546aaa,813.00,Buy Travel,1,7bc0bdfaff1da39e4e534cb5,11/05/2020
e2fa03cc8b7c5cdb00bf69e3,651.00,Buy Furniture,3,eab01daf56ef839d1974a0b1,03/04/2020
f4a67aaff5f6e1aad0fe9efc,522.00,Buy Tools,5,968cc80af6f1453efc9fd0e9,15/10/2020
7daa8048fb31fdf1e0b9ee6d,968.00,Buy Furniture,3,6b14f3716cc91ea51e5ace95,07/01/2020
aacaebc56bf3fb8e6ff04ffd,200.00,Buy Food,2,968cc80af6f1453efc9fd0e9,14/06/2020
42c12eea7efe283e4beebc20,907.00,Buy Travel,1,e20a13aadf117a8c8dcdccf8,28/11/2020
c12294363be3c1beca468960,125.00,Buy Furniture,3,eeded7ed3fccdaed08e1fc9e,08/11/2020
c8efaadaa6db9e3f84b5b9ca,232.00,Buy Travel,1,eab01daf56ef839d1974a0b1,24/05/2020
beef404bda7fb5a88fa6a67c,143.00,Buy Food,2,7bc0bdfaff1da39e4e534cb5,19/09/2020
2dfa42dcbeee9e7bbdde23d3,984.00,Buy Food,2,bd80c7c3faaca134b9f4c7ad,01/09/2020
ecef6d7cc3bc8a56faedde7a,102.00,Buy Travel,1,bd80c7c3faaca134b9f4c7ad,23/04/2020
8d49c52ecdca895dfada18b6,560.00,Buy Tools,5,6b14f3716cc91ea51e5ace95,05/03/2020
ae93a2e1ecdb12ad593a39ed,7.00,Buy Travel,1,eab01daf56ef839d1974a0b1,25/01/2020
ef2f2e4b503e93a5c269c9fd,381.00,Buy Travel,1,6b14f3716cc91ea51e5ace95,30/04/2020
f3bdb3c15b34ae44c3e75bce,12.00,Buy Tools,5,968cc80af6f1453efc9fd0e9,02/07/2020
b2fcbc749fe5bbaefd52dbb0,426.00,Buy Tools,5,ada6e8c9be27ccc842a185cd,07/04/2020
c924fe0edceb8e73a81ddd80,546.00,Buy Furniture,3,6b14f3716cc91ea51e5ace95,19/12/2020
da1db8e6c12501ee8cdedf8a,75.00,Buy Food,2,7bc0bdfaff1da39e4e534cb5,27/09/2020
c956cf2cbae89f5b4fbcafec,650.00,Buy Food,2,6b14f3716cc91ea51e5ace95,11/10/2020
8e3cfd4cfd3fd28101f984ab,369.00,Buy Travel,1,dfc7eb1bd74fd7ed83fd0fea,20/05/2020
d3dd0baafebbf99d6028da8b,619.00,Buy Food,2,6b14f3716cc91ea51e5ace95,16/12/2020
b1fff6e3a8b80ecb91fc11ac,619.00,Buy Others,4,dfc7eb1bd74fd7ed83fd0fea,02/10/2020
d4e908e29e7bbb1f97b3dc70,685.00,Buy Furniture,3,e20a13aadf117a8c8dcdccf8,17/07/2020
dece795a2a8bcd7bad57f2eb,361.00,Buy Furniture,3,eeded7ed3fccdaed08e1fc9e,08/07/2020
ee9ccfffabdfdbc7eadb8a4d,521.00,Buy Tools,5,ada6e8c9be27ccc842a185cd,18/02/2020
fb31a4db2aa31e6010ecfba8,743.00,Buy Furniture,3,ada6e8c9be27ccc842a185cd,04/05/2020
2340be31cc8ae67c60b00e4f,178.00,Buy Travel,1,ada6e8c9be27ccc842a185cd,12/12/2020
6ec6ca45e4e7fbe1ddd2ec2a,443.00,Buy Furniture,3,46e9056ce7e2aa0c5ec7468a,04/11/2020
18baec300e5afa8dc9f0e52e,674.00,Buy Tools,5,968cc80af6f1453efc9fd0e9,29/07/2020
481aee3cd0d4daecaeabc49f,575.00,Buy Travel,1,6b14f3716cc91ea51e5ace95,18/05/2020
d4b7d5ab5da9c3d9e8e233af,61.00,Buy Travel,1,968cc80af6f1453efc9fd0e9,29/05/2020
2ec2f1fbc8fafb542948954e,962.00,Buy Others,4,bd80c7c3faaca134b9f4c7ad,04/07/2020
6891da2b75fbbd7ef58ffda1,477.00,Buy Travel,1,dfc7eb1bd74fd7ed83fd0fea,01/03/2020
bd0b6a04f234becad979581e,144.00,Buy Furniture,3,6b14f3716cc91ea51e5ace95,13/05/2020
79a4e0c5d5a4c9f1f2cee9ea,318.00,Buy Tools,5,dfc7eb1bd74fd7ed83fd0fea,31/03/2020
5c0741da4d24d79fca2ceefb,549.00,Buy Others,4,6b14f3716cc91ea51e5ace95,13/07/2020
cb0dc41af5bfffcd242f7f25,180.00,Buy Travel,1,eeded7ed3fccdaed08e1fc9e,29/08/2020
e2a5f7e8205f5f66ddeead4f,541.00,Buy Food,2,968cc80af6f1453efc9fd0e9,09/12/2020
13363aae1f04024e28acdeba,98.00,Buy Travel,1,dfc7eb1bd74fd7ed83fd0fea,06/03/2020
0500b8cddd3cad1cee3eee93,407.00,Buy Furniture,3,e20a13aadf117a8c8dcdccf8,27/04/2020
3af8fb1fdebd1c497b0189f6,138.00,Buy Furniture,3,6b14f3716cc91ea51e5ace95,16/02/2020
6a312069efadd63aeac182d2,212.00,Buy Travel,1,bd80c7c3faaca134b9f4c7ad,08/11/2020
ba3c0e8dadde85dcd40be2aa,974.00,Buy Tools,5,e20a13aadf117a8c8dcdccf8,18/11/2020
d3860cc7afcadf8dadc905a4,628.00,Buy Others,4,46e9056ce7e2aa0c5ec7468a,26/12/2020
ace02c4f7d85d1a48cd97de0,310.00,Buy Others,4,6b14f3716cc91ea51e5ace95,14/12/2020
d33729bc4edc8fa67bccd3bf,664.00,Buy Others,4,ada6e8c9be27ccc842a185cd,15/10/2020
4b384ec80cb4e14df27badb8,204.00,Buy Travel,1,7bc0bdfaff1da39e4e534cb5,16/03/2020
9eddeefbc6bfed6facdee17c,768.00,Buy Tools,5,46e9056ce7e2aa0c5ec7468a,10/12/2020
11efadaa3ceb07eacfffa7ba,547.00,Buy Others,4,ada6e8c9be27ccc842a185cd,03/09/2020
c9f17acccafdf0dbbdfdebb7,244.00,Buy Tools,5,e20a13aadf117a8c8dcdccf8,01/12/2020
8b33b7f8afc597caea07facd,225.00,Buy Food,2,ada6e8c9be27ccc842a185cd,27/06/2020
a247c19cb7bdfdefff87ca5a,352.00,Buy Furniture,3,bd80c7c3faaca134b9f4c7ad,27/12/2020
afa7a6f4678e2d6538af2bd7,152.00,Buy Food,2,bd80c7c3faaca134b9f4c7ad,05/06/2020
de93df4a44477f1abc84ff42,201.00,Buy Furniture,3,bd80c7c3faaca134b9f4c7ad,17/07/2020
dfc980e727ae4c0dc4dfa6cb,181.00,Buy Furniture,3,bd80c7c3faaca134b9f4c7ad,17/08/2020
faf21fb846bcb6650c3acaf7,732.00,Buy Travel,1,eeded7ed3fccdaed08e1fc9e,28/09/2020
5caced0f9eebe9b71a3b61af,203.00,Buy Food,2,eeded7ed3fccdaed08e1fc9e,20/01/2020
b48fd44ed8d767a956e3fda9,301.00,Buy Food,2,7bc0bdfaff1da39e4e534cb5,14/10/2020
c5b7fec7179c7e913ff7cf68,588.00,Buy Furniture,3,968cc80af6f1453efc9fd0e9,30/08/2020
3aa4a9460ed596e8b09d9ce2,205.00,Buy Tools,5,6b14f3716cc91ea51e5ace95,12/11/2020
81887faf51cb5a46b95c05c2,972.00,Buy Travel,1,46e9056ce7e2aa0c5ec7468a,01/10/2020
baf0ca804de6bad04cd9e7fb,969.00,Buy Tools,5,eeded7ed3fccdaed08e1fc9e,01/09/2020
ca7289ad1ecbaeaaced3b9d7,863.00,Buy Tools,5,968cc80af6f1453efc9fd0e9,22/12/2020
749aa89466bbc418dff1d14c,419.00,Buy Travel,1,dfc7eb1bd74fd7ed83fd0fea,23/01/2020
2f114cafdeae58ca0becfe8b,372.00,Buy Others,4,bd80c7c3faaca134b9f4c7ad,28/01/2020
5a1f88a977fecffb3a4dd6ae,669.00,Buy Tools,5,7bc0bdfaff1da39e4e534cb5,24/04/2020
ec399497dffdd8a5db796ecb,598.00,Buy Tools,5,eeded7ed3fccdaed08e1fc9e,21/04/2020
3d6aa0fef4dbcdf62751fb6a,914.00,Buy Tools,5,6b14f3716cc91ea51e5ace95,21/07/2020
f5430b80e3edf47bc7fc8886,593.00,Buy Food,2,e20a13aadf117a8c8dcdccf8,26/07/2020
4bfa3532f7e0efdcf76d8c8d,480.00,Buy Furniture,3,46e9056ce7e2aa0c5ec7468a,07/08/2020
e8eb53eefb36c68fcd3e2443,8.00,Buy Travel,1,eab01daf56ef839d1974a0b1,20/03/2020
a80d7fdf5b3a8cafbfff0e5c,369.00,Buy Furniture,3,ada6e8c9be27ccc842a185cd,22/05/2020
24ed4ff65abab9a9acdffa07,33.00,Buy Tools,5,7bc0bdfaff1da39e4e534cb5,23/03/2020
3331260f0dcdcdb37ac46bcc,429.00,Buy Food,2,ada6e8c9be27ccc842a185cd,19/12/2020
b38842bf4abaaad1f65ddcf2,541.00,Buy Furniture,3,6b14f3716cc91ea51e5ace95,06/08/2020
5f5a8db2cdfdfa109fd166be,785.00,Buy Travel,1,7bc0bdfaff1da39e4e534cb5,09/07/2020
58b9869fb14a0ade2bc85ee9,49.00,Buy Food,2,eab01daf56ef839d1974a0b1,09/08/2020
7a0eb4bdccafaa795445fdab,712.00,Buy Tools,5,bd80c7c3faaca134b9f4c7ad,13/08/2020
1a43e6368fb2e47571574ace,718.00,Buy Tools,5,6b14f3716cc91ea51e5ace95,16/10/2020
52f2dbf4ce3e3ecaa4b84abc,874.00,Buy Furniture,3,46e9056ce7e2aa0c5ec7468a,10/04/2020
e7922c9cf3adbbd869db938b,280.00,Buy Furniture,3,dfc7eb1bd74fd7ed83fd0fea,18/07/2020
add901a23d01ded2e20874bd,580.00,Buy Others,4,eab01daf56ef839d1974a0b1,23/04/2020
0b1e57eabff0fbacf162ea25,515.00,Buy Food,2,46e9056ce7e2aa0c5ec7468a,23/02/2020
a4fceb0a3d1918aea199b6e4,894.00,Buy Furniture,3,eab01daf56ef839d1974a0b1,21/01/2020
6efeb1ba5a2fb67cf9cf6b9f,466.00,Buy Food,2,bd80c7c3faaca134b9f4c7ad,18/11/2020
b71fa9a1daa9439145a1fc0e,759.00,Buy Travel,1,e20a13aadf117a8c8dcdccf8,11/04/2020
9e8bdaa3aa6bceb13ff4bedc,397.00,Buy Travel,1,bd80c7c3faaca134b9f4c7ad,14/08/2020
d5c91eb0b48ee32d0be4b43e,570.00,Buy Travel,1,bd80c7c3faaca134b9f4c7ad,11/11/2020
e37f4cfcd56ea4ac840ca35d,499.00,Buy Others,4,eeded7ed3fccdaed08e1fc9e,20/06/2020
3af6edafbf8cb4e53d2e7caf,777.00,Buy Food,2,ada6e8c9be27ccc842a185cd,21/10/2020
ee13512f6041939e0ffec0f8,814.00,Buy Food,2,6b14f3716cc91ea51e5ace95,23/03/2020
b96c68db18c72740a5ddbc5a,859.00,Buy Tools,5,7bc0bdfaff1da39e4e534cb5,16/06/2020
2c0f30c2d60cea3b6a7cba0d,427.00,Buy Tools,5,dfc7eb1bd74fd7ed83fd0fea,15/07/2020
bcda953ff7b9ae6a8cdb1eac,198.00,Buy Travel,1,eeded7ed3fccdaed08e1fc9e,17/10/2020
08f2bfacdfb04cd56e1eb4db,548.00,Buy Furniture,3,6b14f3716cc91ea51e5ace95,22/05/2020
c9a81e2b16bd0bbd40a01747,486.00,Buy Furniture,3,dfc7eb1bd74fd7ed83fd0fea,12/11/2020
72ac14b3a693ab4aaea4dcec,670.00,Buy Tools,5,bd80c7c3faaca134b9f4c7ad,09/12/2020
0217a3efeebaa0b7b0ae3e20,555.00,Buy Food,2,eab01daf56ef839d1974a0b1,28/10/2020
df2308b4be855c673cf1fc80,92.00,Buy Furniture,3,e20a13aadf117a8c8dcdccf8,06/03/2020
f8d5d6eb83800403ae0e6ea7,695.00,Buy Tools,5,ada6e8c9be27ccc842a185cd,23/08/2020
f1b62ebeaffbadea2adb4a34,925.00,Buy Furniture,3,6b14f3716cc91ea51e5ace95,02/02/2020
c3222ca6bebedd2f0d0ddf08,625.00,Buy Food,2,6b14f3716cc91ea51e5ace95,29/05/2020
a4e6cae8acf00d2faf5e7ebe,653.00,Buy Furniture,3,46e9056ce7e2aa0c5ec7468a,11/11/2020
ac989ba3e604b844c1134c92,546.00,Buy Food,2,dfc7eb1bd74fd7ed83fd0fea,13/03/2020
eddee7fcecadcfbeaa09ba48,106.00,Buy Tools,5,46e9056ce7e2aa0c5ec7468a,13/10/2020
dcc0f0dea656eafbb2d598d2,487.00,Buy Furniture,3,ada6e8c9be27ccc842a185cd,26/01/2020
d7e67deb702ccebb8cccae2f,459.00,Buy Food,2,e20a13aadf117a8c8dcdccf8,14/07/2020
9aa7e603ac7901b5bec747d2,934.00,Buy Furniture,3,6b14f3716cc91ea51e5ace95,27/07/2020
9a33eddce3aeb18cf95e0d6c,924.00,Buy Food,2,7bc0bdfaff1da39e4e534cb5,20/05/2020
6a79a9edd0a571fcbd09ee4b,220.00,Buy Furniture,3,ada6e8c9be27ccc842a185cd,01/06/2020
acfdefe7eae9d65dabbeccd3,808.00,Buy Food,2,dfc7eb1bd74fd7ed83fd0fea,11/07/2020
a17b1ffcca65d0edae4ffcdb,44.00,Buy Tools,5,eeded7ed3fccdaed08e1fc9e,09/08/2020
ac55ff6f3cae943da4e3cc5c,110.00,Buy Food,2,e20a13aadf117a8c8dcdccf8,11/03/2020
19b3ec885c6a49da3ec9c8cf,35.00,Buy Tools,5,968cc80af6f1453efc9fd0e9,06/11/2020
ab2cdb3c57b38ad92dc8bdea,679.00,Buy Furniture,3,eab01daf56ef839d1974a0b1,03/01/2020
0fe5dee58ce20d438cfc0bbb,104.00,Buy Others,4,eeded7ed3fccdaed08e1fc9e,01/10/2020
15409717ecee4b122cf1e41e,428.00,Buy Travel,1,dfc7eb1bd74fd7ed83fd0fea,25/10/2020
fd47b29d6d09e2dc7b99fca3,195.00,Buy Furniture,3,e20a13aadf117a8c8dcdccf8,05/11/2020
710b9ecd1d3fd01a3a7d7f71,818.00,Buy Furniture,3,eeded7ed3fccdaed08e1fc9e,15/05/2020
dbcc11ec1d78cfeaa0e5fcf9,991.00,Buy Tools,5,6b14f3716cc91ea51e5ace95,15/05/2020
5b75f34ef64adbdae80a84b1,55.00,Buy Tools,5,7bc0bdfaff1da39e4e534cb5,16/10/2020
a6ccb5a013aed6e21ee51e4a,673.00,Buy Others,4,eeded7ed3fccdaed08e1fc9e,18/09/2020
c1b78635c0824f2c03fd4c2e,735.00,Buy Furniture,3,eab01daf56ef839d1974a0b1,28/08/2020
1bf1b2cfa43eb0c6aa3bf3ac,526.00,Buy Travel,1,ada6e8c9be27ccc842a185cd,18/12/2020
cfc65b54dbf30dcfdaec87c9,554.00,Buy Furniture,3,bd80c7c3faaca134b9f4c7ad,02/04/2020
ab6fa53ac84c6dcab24d57bd,85.00,Buy Travel,1,eab01daf56ef839d1974a0b1,09/10/2020
a1aafed6f4cd8c2062875f99,138.00,Buy Food,2,dfc7eb1bd74fd7ed83fd0fea,12/05/2020
9afd1dfae4df4efff3e1adad,118.00,Buy Furniture,3,968cc80af6f1453efc9fd0e9,17/04/2020
04f8e0dbecdbc569607e4575,124.00,Buy Tools,5,e20a13aadf117a8c8dcdccf8,18/04/2020
feab565cb523da6ddbecdf36,393.00,Buy Travel,1,7bc0bdfaff1da39e4e534cb5,19/09/2020
eec7dd0b996fdb84a0a03ed3,591.00,Buy Tools,5,46e9056ce7e2aa0c5ec7468a,22/04/2020
e0dd01f5a37bcaaa50bde2a0,687.00,Buy Travel,1,7bc0bdfaff1da39e4e534cb5,30/08/2020
a1aa1e9aabcb6d4aa15b3199,734.00,Buy Others,4,968cc80af6f1453efc9fd0e9,01/11/2020
20c77e2cb5805a7a10632aa6,872.00,Buy Food,2,46e9056ce7e2aa0c5ec7468a,25/05/2020
6f4ddbeb67a6edf6dcf34e9d,330.00,Buy Travel,1,ada6e8c9be27ccc842a185cd,15/04/2020
7c9c2127a1bab604a1ca5478,366.00,Buy Others,4,eeded7ed3fccdaed08e1fc9e,25/08/2020
dbdc82eacf9aedca0948cfeb,467.00,Buy Others,4,e20a13aadf117a8c8dcdccf8,02/09/2020
b2bb8eb1f5cb2785c9474f44,148.00,Buy Travel,1,46e9056ce7e2aa0c5ec7468a,19/06/2020
ef631a36119db8dd04392e9c,643.00,Buy Furniture,3,e20a13aadf117a8c8dcdccf8,16/10/2020
0aeba46b9b62cbfbca80fbd2,906.00,Buy Furniture,3,eeded7ed3fccdaed08e1fc9e,11/07/2020
9397a593e2debdee0eaaf9ff,711.00,Buy Food,2,eeded7ed3fccdaed08e1fc9e,06/10/2020
feece9a0ff79cae04cd3a10d,491.00,Buy Furniture,3,ada6e8c9be27ccc842a185cd,24/10/2020
28b5d5d7acabe76a3c50b1e6,606.00,Buy Food,2,dfc7eb1bd74fd7ed83fd0fea,07/06/2020
d10a6bdced84e7f81e8af478,139.00,Buy Travel,1,dfc7eb1bd74fd7ed83fd0fea,20/02/2020
a09d40b711edda5e6cecee57,619.00,Buy Tools,5,6b14f3716cc91ea51e5ace95,12/04/2020
f23ad9046eb0a0994f1b4d5f,842.00,Buy Food,2,ada6e8c9be27ccc842a185cd,27/11/2020
b354cc83e20cbe13aff1fbdd,53.00,Buy Others,4,46e9056ce7e2aa0c5ec7468a,05/09/2020
fcb83f9fc8e8caaaf1d6abeb,410.00,Buy Furniture,3,ada6e8c9be27ccc842a185cd,29/11/2020
95cb968f4c64420eef69ed1b,30.00,Buy Travel,1,ada6e8c9be27ccc842a185cd,25/06/2020
0af83eaedc9892ffc572588c,650.00,Buy Food,2,bd80c7c3faaca134b9f4c7ad,20/03/2020
fe9d3a7ccdbe672f7bc867fb,204.00,Buy Tools,5,eeded7ed3fccdaed08e1fc9e,23/01/2020
1c88dd56883cfedcd4d7fc51,214.00,Buy Others,4,6b14f3716cc91ea51e5ace95,13/03/2020
2b87beb501c849877beb2a0d,469.00,Buy Others,4,dfc7eb1bd74fd7ed83fd0fea,18/02/2020
e9c69d4c81d35cc2a6ef8a7f,227.00,Buy Food,2,968cc80af6f1453efc9fd0e9,08/03/2020
b6adf01aad254cd7607fe481,103.00,Buy Food,2,ada6e8c9be27ccc842a185cd,18/05/2020
1d95aeb920ec9e969acc221b,274.00,Buy Furniture,3,bd80c7c3faaca134b9f4c7ad,22/06/2020
98d594ca99d18aefbfb5db7f,375.00,Buy Tools,5,6b14f3716cc91ea51e5ace95,28/12/2020
8bd2ca41d97f7be4a58ebaa0,241.00,Buy Tools,5,46e9056ce7e2aa0c5ec7468a,04/10/2020
ce37eedc6db7bc08ccaeab1a,256.00,Buy Others,4,eab01daf56ef839d1974a0b1,28/02/2020
d1fcaab76bcf1f9e0a2adafb,891.00,Buy Furniture,3,dfc7eb1bd74fd7ed83fd0fea,27/10/2020
ecf92f3c56d09ab8c01d3cff,658.00,Buy Travel,1,e20a13aadf117a8c8dcdccf8,22/01/2020
abf4cdb2ca6aeefcdeccafc8,882.00,Buy Food,2,968cc80af6f1453efc9fd0e9,27/11/2020
7b22341121cafbda9ea4df84,10.00,Buy Travel,1,dfc7eb1bd74fd7ed83fd0fea,21/04/2020
550af1af00c62053d2eef0a9,310.00,Buy Travel,1,6b14f3716cc91ea51e5ace95,01/02/2020
ac2ac4c270aa47f5a769b83a,85.00,Buy Furniture,3,46e9056ce7e2aa0c5ec7468a,25/06/2020
b8fbde6dae3af29f7a2fa178,819.00,Buy Travel,1,46e9056ce7e2aa0c5ec7468a,08/06/2020
d8378316effabb6ff99a3ade,560.00,Buy Tools,5,e20a13aadf117a8c8dcdccf8,10/04/2020
08cc727bca39ec95eec462ec,294.00,Buy Tools,5,46e9056ce7e2aa0c5ec7468a,28/06/2020
ba5de7fc3ba5401ddd0ad7d8,160.00,Buy Food,2,968cc80af6f1453efc9fd0e9,15/07/2020
f0b4d9432c84ad4a93dbdc7e,327.00,Buy Furniture,3,46e9056ce7e2aa0c5ec7468a,10/07/2020
8d789c3eabadab16d49affda,438.00,Buy Travel,1,bd80c7c3faaca134b9f4c7ad,12/02/2020
29a3bdb4979be70fcebbc03b,64.00,Buy Tools,5,46e9056ce7e2aa0c5ec7468a,05/08/2020
a56ec1b4040edaeb7cdb4ebd,742.00,Buy Others,4,968cc80af6f1453efc9fd0e9,05/01/2020
9024eeabbe8cfade7a1ecba4,92.00,Buy Furniture,3,7bc0bdfaff1da39e4e534cb5,29/02/2020
dd81cd6ea99bddd70fee303a,18.00,Buy Travel,1,968cc80af6f1453efc9fd0e9,23/01/2020
dfba4bf0acb18fdc23f5bdf3,672.00,Buy Others,4,ada6e8c9be27ccc842a185cd,16/06/2020
c5f5116abcf272f5aba516c3,65.00,Buy Furniture,3,eab01daf56ef839d1974a0b1,28/06/2020
0c5ffb58061f40da44240ad8,869.00,Buy Others,4,eab01daf56ef839d1974a0b1,25/08/2020
dfabbaa78d62abea9f32f588,636.00,Buy Food,2,eab01daf56ef839d1974a0b1,27/06/2020
3cfcf6dc57b3f4ad3ed09378,79.00,Buy Others,4,6b14f3716cc91ea51e5ace95,09/08/2020
f7bbd3bbc9275ba74e3509ad,435.00,Buy Tools,5,dfc7eb1bd74fd7ed83fd0fea,30/11/2020
fed3ac1dffb84b99df7dabbb,876.00,Buy Travel,1,7bc0bdfaff1da39e4e534cb5,04/09/2020
cea8b1dcbb1f811fd2bbedfd,871.00,Buy Food,2,eeded7ed3fccdaed08e1fc9e,18/11/2020
debdbbaff10fce9cfcf2db9d,77.00,Buy Tools,5,6b14f3716cc91ea51e5ace95,31/07/2020
2f87ee5aed8dcf43764ec0e7,56.00,Buy Travel,1,eeded7ed3fccdaed08e1fc9e,22/04/2020
8c8d7efdf49a7be9ba376ce5,820.00,Buy Travel,1,bd80c7c3faaca134b9f4c7ad,30/05/2020
fd1306710ec72deb001cfe55,264.00,Buy Travel,1,eeded7ed3fccdaed08e1fc9e,30/05/2020
bbdccdadb707e42d4ff0d5ed,553.00,Buy Others,4,bd80c7c3faaca134b9f4c7ad,21/04/2020
3d982ad9abff76ad253ee286,610.00,Buy Tools,5,e20a13aadf117a8c8dcdccf8,13/02/2020
98a10b1aaa1cbad99e35d5d6,377.00,Buy Tools,5,dfc7eb1bd74fd7ed83fd0fea,29/05/2020
bfc8a1ade25eeb4e19fc0d0b,365.00,Buy Furniture,3,46e9056ce7e2aa0c5ec7468a,10/06/2020
ace65b7edff5f11cb49d3c9d,103.00,Buy Others,4,bd80c7c3faaca134b9f4c7ad,17/12/2020
d30981adc9caacfd737e790d,531.00,Buy Food,2,dfc7eb1bd74fd7ed83fd0fea,23/03/2020
71d7ae01cda9e5dd44ff0c50,667.00,Buy Furniture,3,7bc0bdfaff1da39e4e534cb5,13/08/2020
c6f033fd8ccd5fe4add3ac77,623.00,Buy Others,4,46e9056ce7e2aa0c5ec7468a,06/12/2020
eaf2cef5fc2dacbeea196114,298.00,Buy Others,4,ada6e8c9be27ccc842a185cd,22/10/2020
ec14d5de0b85ec7d347beab8,75.00,Buy Furniture,3,968cc80af6f1453efc9fd0e9,16/06/2020
a5c8ce9b4663abbb7035de1e,261.00,Buy Food,2,7bc0bdfaff1da39e4e534cb5,18/02/2020
8b8aac4f34bf0c18f4576fbe,496.00,Buy Food,2,dfc7eb1bd74fd7ed83fd0fea,18/04/2020
5a4cd0effcbbb3bacd51d1bb,953.00,Buy Furniture,3,dfc7eb1bd74fd7ed83fd0fea,12/08/2020
1e32fe671d3d39697fce55af,701.00,Buy Travel,1,6b14f3716cc91ea51e5ace95,23/05/2020
24f1ed6f1d27fbae5b1a5ddd,979.00,Buy Others,4,ada6e8c9be27ccc842a185cd,01/12/2020
b95dd4552acbdaf398fc6a59,820.00,Buy Others,4,ada6e8c9be27ccc842a185cd,25/02/2020
fe2caded0811e69ee5fcedbf,420.00,Buy Tools,5,ada6e8c9be27ccc842a185cd,06/05/2020
2d4e9ba65ba2fa4f6e5ddc3a,212.00,Buy Travel,1,46e9056ce7e2aa0c5ec7468a,16/12/2020
ccff6ea983f0d9a44a102106,139.00,Buy Travel,1,ada6e8c9be27ccc842a185cd,22/03/2020
9148aba9dbf9ca456a8d9eb6,258.00,Buy Furniture,3,ada6e8c9be27ccc842a185cd,24/09/2020
ecdb2defaaabcdb1d5b3cffa,952.00,Buy Others,4,6b14f3716cc91ea51e5ace95,02/10/2020
7de6429d4caf48e2baeabdb1,407.00,Buy Tools,5,eab01daf56ef839d1974a0b1,14/01/2020
84a2ecfbc7280140186d8dfd,686.00,Buy Tools,5,6b14f3716cc91ea51e5ace95,29/01/2020
4450eb8c454cfe0bae5ea416,506.00,Buy Tools,5,46e9056ce7e2aa0c5ec7468a,03/09/2020
1fb66b3aaf3cd41ac8fee691,100.00,Buy Travel,1,7bc0bdfaff1da39e4e534cb5,02/04/2020
fca20ebec45c3d9fc0b0c6a4,997.00,Buy Food,2,e20a13aadf117a8c8dcdccf8,09/07/2020
ea6b9f1ad831b5d2aa1ef6ad,52.00,Buy Travel,1,eab01daf56ef839d1974a0b1,24/04/2020
92effcea1bf75a5dd617bd76,565.00,Buy Others,4,eeded7ed3fccdaed08e1fc9e,20/04/2020
35c37aeb28ece781d0b82aa9,564.00,Buy Others,4,6b14f3716cc91ea51e5ace95,21/05/2020
eabd98888d6fc6df63ab9be3,816.00,Buy Food,2,6b14f3716cc91ea51e5ace95,31/07/2020
f35c0b743d60ed59cdceef2f,845.00,Buy Travel,1,eeded7ed3fccdaed08e1fc9e,05/02/2020
1cbd7cb877b6c8fbadc9340f,719.00,Buy Food,2,e20a13aadf117a8c8dcdccf8,30/10/2020
dccbedd30d0ec99be7a8aafb,328.00,Buy Travel,1,dfc7eb1bd74fd7ed83fd0fea,24/09/2020
a33b41f79eeba5bc1dc5e766,819.00,Buy Furniture,3,e20a13aadf117a8c8dcdccf8,30/01/2020
dab1e227b6a7ee1d630a100f,817.00,Buy Food,2,968cc80af6f1453efc9fd0e9,27/04/2020
c0c401c5d2d14dab7f4c676b,221.00,Buy Tools,5,dfc7eb1bd74fd7ed83fd0fea,18/07/2020
2dfca21f3caf67ab5bfedd8f,909.00,Buy Others,4,6b14f3716cc91ea51e5ace95,14/04/2020
8ade5f755b62618ec8dc4a5e,845.00,Buy Travel,1,46e9056ce7e2aa0c5ec7468a,27/02/2020
cdb42bdeada3064cfadabd2c,418.00,Buy Tools,5,eab01daf56ef839d1974a0b1,22/11/2020
c525f67cfbaa58bd7fafb299,330.00,Buy Tools,5,968cc80af6f1453efc9fd0e9,09/10/2020
3a96f5dbed930bfbc1459d7b,569.00,Buy Furniture,3,e20a13aadf117a8c8dcdccf8,22/06/2020
f14ebabf71cafa9ef0c97a19,498.00,Buy Food,2,eeded7ed3fccdaed08e1fc9e,31/08/2020
284cc71e4201db4bba11bfaf,646.00,Buy Tools,5,e20a13aadf117a8c8dcdccf8,03/04/2020
b4f56ffeb4bde6204a08edcd,456.00,Buy Tools,5,968cc80af6f1453efc9fd0e9,02/02/2020
e5ddc4664890c65be6581edf,903.00,Buy Furniture,3,46e9056ce7e2aa0c5ec7468a,27/04/2020
bea3c2aed8cdffd161b65aca,189.00,Buy Furniture,3,968cc80af6f1453efc9fd0e9,07/06/2020
a6962cddefc7cecdc5f7cbb1,419.00,Buy Food,2,eeded7ed3fccdaed08e1fc9e,23/01/2020
eb0759c66d2a9c4ed4f9feaa,353.00,Buy Others,4,7bc0bdfaff1da39e4e534cb5,21/12/2020
8de9c96feefb55caaacef5c3,750.00,Buy Travel,1,46e9056ce7e2aa0c5ec7468a,01/07/2020
514def969b4fedf46a0d28c9,697.00,Buy Others,4,968cc80af6f1453efc9fd0e9,02/05/2020
e9bd361cd7a3ae6f2ecb82ef,448.00,Buy Tools,5,dfc7eb1bd74fd7ed83fd0fea,27/06/2020
88892e6bbe31fd037fedb4af,184.00,Buy Others,4,bd80c7c3faaca134b9f4c7ad,28/06/2020
fdd4b5f32dd6c3ea5edbeebd,216.00,Buy Furniture,3,968cc80af6f1453efc9fd0e9,18/01/2020
345faa258ecef11ddf7a44dc,421.00,Buy Food,2,eeded7ed3fccdaed08e1fc9e,08/07/2020
2a2cd75f30db6defb8f6d691,443.00,Buy Tools,5,e20a13aadf117a8c8dcdccf8,07/12/2020
b229b0ff0b1cf16cbb8f4d06,686.00,Buy Food,2,46e9056ce7e2aa0c5ec7468a,16/12/2020
cc0282ff4480c5faefee70ee,21.00,Buy Travel,1,968cc80af6f1453efc9fd0e9,11/01/2020
e33cdebbd11871c619a4ac73,971.00,Buy Furniture,3,ada6e8c9be27ccc842a185cd,30/05/2020
ef9d4c10e9d1ba0dbad4d0f4,907.00,Buy Others,4,bd80c7c3faaca134b9f4c7ad,16/03/2020
c5dcffbdc76f8fabff6eb3af,79.00,Buy Others,4,eab01daf56ef839d1974a0b1,10/01/2020
10dc6fc5ea954fe949cffe5f,111.00,Buy Travel,1,46e9056ce7e2aa0c5ec7468a,19/10/2020
0f837fbc18ea9fd8b49c0b76,173.00,Buy Travel,1,46e9056ce7e2aa0c5ec7468a,16/05/2020
cbe790dacdccd2e8b083be8b,168.00,Buy Others,4,6b14f3716cc91ea51e5ace95,14/08/2020
7cee8aeabb9d724c33cc6a11,578.00,Buy Food,2,46e9056ce7e2aa0c5ec7468a,02/05/2020
2c73dcee22e77fc8a46945ac,993.00,Buy Food,2,dfc7eb1bd74fd7ed83fd0fea,02/04/2020
a4b09e3be2aaedd44eaae3a7,36.00,Buy Travel,1,7bc0bdfaff1da39e4e534cb5,30/09/2020
a3f9b1ff886bfcbc3c5fbcbf,568.00,Buy Furniture,3,e20a13aadf117a8c8dcdccf8,07/11/2020
dbbaedf24a2b2b4aaebab8b2,178.00,Buy Travel,1,968cc80af6f1453efc9fd0e9,23/10/2020
d3aaeabb0e485bdba40fe03d,658.00,Buy Travel,1,6b14f3716cc91ea51e5ace95,06/10/2020
ed8d7f44dcf8e258a26d70d7,487.00,Buy Food,2,bd80c7c3faaca134b9f4c7ad,27/04/2020
6b9147abdd1a5f6cdffc68dc,37.00,Buy Furniture,3,e20a13aadf117a8c8dcdccf8,08/07/2020
55827a44bd4b88b53bee8be4,178.00,Buy Furniture,3,eeded7ed3fccdaed08e1fc9e,23/10/2020
eb305645e7e127ccebae3feb,418.00,Buy Furniture,3,eeded7ed3fccdaed08e1fc9e,13/10/2020
3dafe09540c2e0df3b3e5fa0,379.00,Buy Travel,1,e20a13aadf117a8c8dcdccf8,19/07/2020
daa6e4b65cb4fcccef1b56dc,226.00,Buy Others,4,7bc0bdfaff1da39e4e534cb5,06/09/2020
db5fca740cf8ea485dde2ed5,796.00,Buy Travel,1,6b14f3716cc91ea51e5ace95,10/06/2020
8d7da6dfac52efcccfba9cb6,569.00,Buy Tools,5,968cc80af6f1453efc9fd0e9,25/04/2020
0b6ed3d6852bcdfc88d1dfb4,466.00,Buy Food,2,e20a13aadf117a8c8dcdccf8,19/03/2020
693cceebc640e373a5a06af0,887.00,Buy Furniture,3,7bc0bdfaff1da39e4e534cb5,16/05/2020
5270163ef068c9bc51c02d24,164.00,Buy Travel,1,968cc80af6f1453efc9fd0e9,11/11/2020
1e85bcc21ccdd33b23c1ea50,255.00,Buy Food,2,968cc80af6f1453efc9fd0e9,15/01/2020
b3c60e28cafffda70a99d508,786.00,Buy Furniture,3,eeded7ed3fccdaed08e1fc9e,13/09/2020
3cecdd9bac6923c96ec0cae3,270.00,Buy Others,4,eab01daf56ef839d1974a0b1,26/02/2020
c3fec37dcf042d2335b7a6c3,879.00,Buy Food,2,968cc80af6f1453efc9fd0e9,29/01/2020
55317ee1079d5cc1d9f9ffee,843.00,Buy Travel,1,bd80c7c3faaca134b9f4c7ad,13/07/2020
f9adfa6e6e4101b6abeea75a,606.00,Buy Others,4,7bc0bdfaff1da39e4e534cb5,24/09/2020
d8f2efeaef1cfe9717984abe,247.00,Buy Food,2,968cc80af6f1453efc9fd0e9,14/06/2020
bfde8393b986a0efacfa0f90,37.00,Buy Travel,1,eab01daf56ef839d1974a0b1,21/11/2020
b8b548ca4e5fa98334f4a5ba,600.00,Buy Furniture,3,46e9056ce7e2aa0c5ec7468a,07/08/2020
3dd63f0a7247b80a0a64e183,708.00,Buy Others,4,46e9056ce7e2aa0c5ec7468a,18/06/2020
21f50a8c9bc2dedd94948bd5,489.00,Buy Travel,1,6b14f3716cc91ea51e5ace95,10/02/2020
d429886c05fbdc425ed6b89c,942.00,Buy Furniture,3,dfc7eb1bd74fd7ed83fd0fea,16/08/2020
a407bf7e7a77e0178e98d8e4,559.00,Buy Food,2,e20a13aadf117a8c8dcdccf8,07/05/2020
fd8cf8cdb84cfaf6dff15fd5,456.00,Buy Furniture,3,46e9056ce7e2aa0c5ec7468a,11/12/2020
a0bcd67fa6dca345d3ea43b6,632.00,Buy Others,4,7bc0bdfaff1da39e4e534cb5,12/11/2020
92d404d708c2d12af10c5a16,614.00,Buy Furniture,3,6b14f3716cc91ea51e5ace95,02/02/2020
dcdc92fef5c615fad3acc531,188.00,Buy Furniture,3,7bc0bdfaff1da39e4e534cb5,03/11/2020
9555ffdebc0ba30b7ae30cc1,428.00,Buy Food,2,ada6e8c9be27ccc842a185cd,10/01/2020
fabafbd77deecead829da1da,460.00,Buy Tools,5,bd80c7c3faaca134b9f4c7ad,29/07/2020
070ca3c2a6aad45d11acfd68,960.00,Buy Tools,5,bd80c7c3faaca134b9f4c7ad,31/03/2020
ecfce6c497188eab5bab2f3c,997.00,Buy Food,2,eeded7ed3fccdaed08e1fc9e,06/04/2020
81bdf677a04cc7bee9f2a72e,294.00,Buy Food,2,eab01daf56ef839d1974a0b1,10/04/2020
eed3c0b4d781b1a7dbeba530,725.00,Buy Tools,5,6b14f3716cc91ea51e5ace95,08/01/2020
25aca57dbddb4d4dccb4eda6,238.00,Buy Furniture,3,dfc7eb1bd74fd7ed83fd0fea,03/12/2020
ff2a3d28c474ad2ac299afc3,955.00,Buy Furniture,3,eeded7ed3fccdaed08e1fc9e,13/11/2020