id,title,salePrice,categoryId
d72cdbb00cc83ece5d3e7df3,Modern Concrete Soap,15.00,4a14511bcb82bf7cd9fbdd68
cbff8fab2ccaceda023d6016,Modern Concrete Salad,369.00,edb9ec1acf4b73f1fac8c9cd
ce9bc7310a8dad5e0fec42ea,Tasty Frozen Mouse,925.00,e2965dcbc7bbd494aaebc28c
f7c8426ccfb5d309bb9aa1ad,Handcrafted Soft Pizza,666.00,4aaffea2a45c5fe0d0905b28
9a141cda903bbbbaeade853b,Fantastic Soft Pizza,570.00,5afe9b58de1e4ea89c5f0b72
76cfdc008a2fcbb156abe5da,Tasty Wooden Mouse,34.00,4aaffea2a45c5fe0d0905b28
b54d4c9b93f0f88c3e5eec19,Fantastic Metal Fish,146.00,e2965dcbc7bbd494aaebc28c
fbbcc8e2d951f3c3ed8fdac1,Recycled Fresh Car,486.00,edb9ec1acf4b73f1fac8c9cd
dedf8cabfdf52afc9eaa8957,Handmade Metal Chicken,837.00,9da168b2cda95f160cfdcb5a
819641cd095fcf25e5dcee1e,Fantastic Steel Shirt,339.00,5afe9b58de1e4ea89c5f0b72
de7a8f6cef94e7d0f9d49dd0,Small Frozen Sausages,950.00,74c1f4937e0f3872d31f30e9
eb11ddcf45dabd6f78e4eb0b,Sleek Frozen Shoes,820.00,74c1f4937e0f3872d31f30e9
584afccd6cbc7da9c0d3c340,Rustic Soft Tuna,93.00,7d3e6b168dbd56ace73a5190
856b20eecae0b83d64fdff9d,Recycled Steel Fish,467.00,4a14511bcb82bf7cd9fbdd68
6d7b75e8bff2c0f33ee71bac,Gorgeous Granite Tuna,819.00,4aaffea2a45c5fe0d0905b28
b6b9a5ed2379f6ef096e2eae,Tasty Concrete Shoes,579.00,9da168b2cda95f160cfdcb5a
c2abbcfa343c838f0fad79cb,Incredible Concrete Bacon,144.00,b12eb0bcebadcf705b18bd89
3db5db174a1b21beafc1fea6,Handmade Bronze Mouse,223.00,e2965dcbc7bbd494aaebc28c
b393dec44364bfcf3c30eeb5,Tasty Granite Hat,233.00,b12eb0bcebadcf705b18bd89
f3bd9b9fcf2d89af4e86cf5c,Generic Fresh Tuna,889.00,b12eb0bcebadcf705b18bd89
3182e0cb2efb5ae2ed0d7581,Handmade Rubber Soap,677.00,15e1a5e60d09fae8bdab1d89
faadde275eb2b688f62fd8be,Rustic Wooden Shoes,950.00,4a14511bcb82bf7cd9fbdd68
27f7e44f2ef7a9bd96342dcb,Refined Steel Soap,859.00,15e1a5e60d09fae8bdab1d89
87e3bcec7712e7b0dbfa0afe,Licensed Cotton Shirt,626.00,b12eb0bcebadcf705b18bd89
ea9dabc2f9ff6b82dcd121f8,Modern Granite Car,559.00,15e1a5e60d09fae8bdab1d89
11bb164deafecefaec1f1dc4,Modern Cotton Pants,790.00,9da168b2cda95f160cfdcb5a
8caae0bbbbd5bc8a7bee536f,Modern Fresh Car,576.00,b12eb0bcebadcf705b18bd89
d9fa88621cca703bd8edcc9b,Refined Bronze Tuna,658.00,b12eb0bcebadcf705b18bd89
f5be65c5db31285e2deb62ea,Rustic Soft Keyboard,366.00,74c1f4937e0f3872d31f30e9
7bef23708aabd29edb2c427d,Incredible Plastic Chips,349.00,5afe9b58de1e4ea89c5f0b72