id,phone,name
e4aaf3be77bcb4be2adab36b,+48 91 134 86 73,Warren McGlynn
de2cd67effbcc2f7d8f75b89,+48 91 695 33 66,Clayton Towne
bcaa855ed100cdd1dddeff10,+48 91 293 81 85,Neil Nienow
5b60dd805db0e4fdc6ae8d2e,+48 91 398 63 88,Toni Hessel
9fa592c8fadafe64466b078d,+48 91 440 46 08,Miss Jessie Moore
0ecfac3193ddc9bdcf8bbaaf,+48 91 163 25 04,Olive Goyette
316db4ca3232b6f0a42e0bed,+48 91 064 78 25,Hattie Bernhard
b9c34e9bc3a8475c759b40cf,+48 91 946 30 17,Harry Homenick
bd16a43ffd8ddf24a374d4c2,+48 91 187 51 89,Casey Little
a7ad3622cefb67cbfc0a08e7,+48 91 359 41 20,Loren Gerlach
b6d82fee0e685fed1afd2d3c,+48 91 822 63 22,Cecil Rippin
0f26cdf0f6a54c7ef2e62cd3,+48 91 073 30 69,Bert Kihn
ea97f9d195ffdee5b4d0bbaf,+48 91 089 63 51,Ginger Jast
b1fef97c893f9b526e868af9,+48 91 003 71 55,Daisy Langosh
3abc6bed2ae63a7f983b4e4a,+48 91 798 51 05,Victor Willms II
c79ffdf69093ea0ebc4fecc9,+48 91 437 15 02,June Schmitt
eac259f4ccfffd876473f84d,+48 91 707 96 77,Rosie Hills
e31bd44a3ce5dbb2ffd5bd68,+48 91 786 95 52,Holly Macejkovic
1e581cf69f45e6146057f39b,+48 91 360 87 58,Nicholas Hand
ac2fd0e901c6fd9a0c9fcbff,+48 91 764 60 79,Rosemarie Mosciski