id,name,username,password
ada6e8c9be27ccc842a185cd,Julius Wunsch Jr.,juliuswunsch jr.,123456
7bc0bdfaff1da39e4e534cb5,Anthony Shields,anthonyshields,123456
bd80c7c3faaca134b9f4c7ad,Darin Beatty,darinbeatty,123456
6b14f3716cc91ea51e5ace95,George Haley,georgehaley,123456
46e9056ce7e2aa0c5ec7468a,Katie Larson,katielarson,123456
eab01daf56ef839d1974a0b1,Denise Morar,denisemorar,123456
dfc7eb1bd74fd7ed83fd0fea,Ellis Schowalter DVM,ellisschowalter dvm,123456
968cc80af6f1453efc9fd0e9,Marion Bergstrom,marionbergstrom,123456
e20a13aadf117a8c8dcdccf8,Terrance Smitham,terrancesmitham,123456
eeded7ed3fccdaed08e1fc9e,Katrina Hudson,katrinahudson,123456